arrival_time,in_queue_time
10:40:19,00:00:00
10:45:08,00:00:00
10:46:01,00:00:00
10:50:43,00:00:00
10:57:13,00:00:00
10:57:20,00:00:00
10:59:53,00:00:00
11:00:07,00:00:00
11:01:44,00:00:00
11:02:04,00:00:00
11:02:25,00:00:00
11:03:13,00:00:12
11:03:44,00:01:01
11:04:47,00:00:25
11:05:03,00:00:51
11:05:04,00:01:40
11:07:04,00:00:31
11:07:52,00:00:55
11:09:04,00:00:02
11:10:01,00:00:05
11:10:32,00:01:27
11:11:54,00:01:20
11:12:28,00:02:54
11:12:53,00:03:18
11:14:30,00:01:48
11:14:58,00:03:52
11:15:17,00:04:59
11:16:32,00:04:08
11:16:41,00:04:59
11:17:24,00:04:54
11:18:58,00:04:04
11:19:03,00:04:35
11:20:44,00:03:01
11:21:16,00:03:55
11:21:56,00:06:11
11:22:17,00:06:53
11:23:40,00:07:01
11:25:33,00:05:36
11:26:03,00:05:39
11:26:04,00:07:34
11:26:37,00:08:12
11:26:51,00:08:54
11:27:16,00:08:30
11:29:01,00:08:09
11:29:02,00:09:12
11:30:15,00:08:19
11:30:17,00:08:51
11:30:37,00:09:13
11:30:38,00:10:16
11:31:40,00:11:19
11:32:56,00:10:28
11:32:57,00:11:14
11:33:01,00:13:11
11:33:18,00:14:01
11:35:38,00:12:40
11:36:30,00:11:49
11:37:19,00:12:12
11:37:28,00:12:23
11:38:24,00:12:45
11:39:12,00:13:34
11:39:38,00:13:13
11:39:56,00:14:15
11:40:07,00:15:37
11:41:01,00:15:05
11:41:12,N/A
11:42:20,N/A
11:43:01,00:13:12
11:43:07,N/A
11:43:57,00:15:01
11:45:14,00:14:23
11:45:22,N/A
11:46:04,N/A
11:46:36,00:14:01
11:47:47,00:12:55
11:48:54,00:13:29
11:51:19,00:11:48
11:51:30,00:13:34
11:51:33,00:14:18
11:53:24,00:13:27
11:53:30,00:15:18
11:55:02,00:14:14
11:55:15,00:14:42
11:56:01,00:14:11
11:56:57,00:14:07
11:57:16,00:14:12
11:57:28,N/A
11:57:39,N/A
11:58:19,N/A
11:59:17,00:14:37
11:59:39,00:14:17
12:02:11,00:12:48
12:03:06,00:12:59
12:04:37,00:12:15
12:09:08,00:09:16
12:13:24,00:05:31
12:15:18,00:04:00
12:17:11,00:02:53
12:20:30,00:00:42
12:24:00,00:00:00
12:25:00,00:00:00
12:25:11,00:00:00
12:28:55,00:00:00
12:29:52,00:00:00
12:29:58,00:00:20
12:30:14,00:00:52
12:32:45,00:00:24
12:33:33,00:00:00
12:35:06,00:00:00
12:35:19,00:00:00
12:36:18,00:00:46
12:36:38,00:00:46
12:39:53,00:00:00
12:42:45,00:00:00
12:44:30,00:00:00
12:45:35,00:00:00
12:46:10,00:00:00
12:46:51,00:00:13
12:46:52,00:02:36
12:48:12,00:01:17
12:48:35,00:01:33
12:49:23,00:01:32
12:50:17,00:00:50
12:50:43,00:01:46
12:52:13,00:00:33
12:53:37,00:00:19
12:53:37,00:02:02
12:54:13,00:02:18
12:54:22,00:02:14
12:54:39,00:04:32
12:55:29,00:04:42
12:56:00,00:05:37
12:56:51,00:06:00
12:57:58,00:06:26
12:58:35,00:05:58
12:59:06,00:07:27
12:59:32,00:08:26
13:01:02,00:08:03
13:01:05,00:08:05
13:01:11,00:09:38
13:01:12,00:11:45
13:01:18,00:12:30
13:01:42,00:12:07
13:03:11,00:12:07
13:03:23,00:12:54
13:03:37,00:13:10
13:05:09,00:12:16
13:05:15,00:12:24
13:05:27,00:13:24
13:05:34,00:15:10
13:05:35,N/A
13:07:02,00:13:59
13:07:59,N/A
13:07:59,00:13:17
13:08:13,N/A
13:08:15,N/A
13:09:45,00:13:35
13:10:21,00:13:24
13:10:40,N/A
13:10:46,N/A
13:10:58,00:13:01
13:11:12,N/A
13:11:34,N/A
13:12:20,N/A
13:12:30,N/A
13:13:43,N/A
13:13:43,00:11:46
13:15:34,00:10:38
13:16:02,00:11:46
13:16:06,00:12:24
13:17:03,00:11:32
13:17:09,00:11:55
13:17:10,N/A
13:19:00,00:11:00
13:20:30,00:09:34
13:20:30,00:11:13
13:20:53,00:12:37
13:20:54,N/A
13:21:05,00:13:05
13:21:23,00:14:17
13:21:27,N/A
13:21:28,N/A
13:22:09,N/A
13:22:10,N/A
13:22:23,N/A
13:23:24,00:14:12
13:24:16,00:14:33
13:24:25,00:15:12
13:24:36,N/A
13:25:19,N/A
13:26:29,00:13:29
13:26:48,00:15:50
13:27:22,N/A
13:28:46,00:14:25
13:28:49,00:15:33
13:29:15,00:15:09
13:30:08,00:14:32
13:30:28,00:15:18
13:30:40,00:15:55
13:30:48,N/A
13:31:33,N/A
13:31:36,N/A
13:31:36,N/A
13:31:53,00:15:03
13:31:59,N/A
13:32:13,N/A
13:33:06,N/A
13:34:37,00:13:06
13:34:54,00:14:15
13:36:03,00:13:17
13:36:35,N/A
13:36:54,N/A
13:37:06,N/A
13:37:11,N/A
13:37:18,N/A
13:37:51,00:11:32
13:43:19,00:07:23
13:44:18,00:07:49
13:44:25,00:08:07
13:44:33,00:09:03
13:44:39,00:09:51
13:44:45,00:10:56
13:44:54,00:11:38
13:45:55,00:11:17
13:46:36,00:11:58
13:47:29,00:11:27
13:47:58,00:11:55
13:48:14,00:13:24
13:48:16,N/A
13:49:18,00:13:19
13:49:30,00:13:17
13:50:20,00:13:44
13:50:34,N/A
13:50:49,00:14:09
13:51:08,N/A
13:51:16,N/A
13:53:30,00:12:15
13:54:08,00:12:10
13:54:12,00:12:57
13:56:00,00:11:31
13:56:16,00:11:18
13:56:25,N/A
13:57:06,00:12:57
13:58:25,00:11:46
13:58:40,00:12:19
13:59:21,00:12:21
13:59:42,N/A
14:02:42,00:10:17
14:03:18,00:10:05
14:03:41,00:10:06
14:03:57,00:10:06
14:04:03,N/A
14:04:23,00:10:46
14:04:37,N/A
14:04:51,N/A
14:06:38,00:09:49
14:07:08,00:11:09
14:09:28,00:08:51
14:10:57,00:07:55
14:13:30,00:06:02
14:13:46,00:08:39
14:16:00,00:07:12
14:16:15,00:09:54
14:16:37,00:10:12
14:20:23,00:06:42
14:20:43,00:08:34
14:22:11,00:08:25
14:22:47,00:08:46
14:23:15,00:08:42
14:24:51,00:08:25
14:32:03,00:01:52
14:38:07,00:00:00
14:38:12,00:00:00
14:47:44,00:00:00
14:48:15,00:00:00
14:48:44,00:00:00
14:55:39,00:00:00
14:56:53,00:00:00
14:59:45,00:00:00
15:00:59,00:00:00
15:01:17,00:00:00
15:01:43,00:00:00
15:02:50,00:00:00
15:06:23,00:00:00
15:07:50,00:00:00
15:11:23,00:00:00
15:11:25,00:00:00
15:11:56,00:00:00
15:14:08,00:00:00
15:16:19,00:00:00
15:16:29,00:00:00
15:18:07,00:00:00
15:18:56,00:00:00
15:22:37,00:00:00
15:24:01,00:00:00
15:24:33,00:00:00
15:24:53,00:00:00
15:24:56,00:03:37
15:25:55,00:03:00
15:27:47,00:02:21
15:28:36,00:02:48
15:28:40,00:04:00
15:32:25,00:00:27
15:33:13,00:00:00
15:34:09,00:00:11
15:34:26,00:01:51
15:35:10,00:01:29
15:35:40,00:02:07
15:36:05,00:02:21
15:37:08,00:01:35
15:37:57,00:02:58
15:39:05,00:02:46
15:39:57,00:02:38
15:40:21,00:02:50
15:40:52,00:04:04
15:42:04,00:04:58
15:42:15,00:06:15
15:43:31,00:05:02
15:44:16,00:05:28
15:45:30,00:04:41
15:47:11,00:04:29
15:47:12,00:06:07
15:49:09,00:04:32
15:49:59,00:05:39
15:50:20,00:07:42
15:51:37,00:06:56
15:51:42,00:07:34
15:54:24,00:05:40
15:55:48,00:05:28
15:56:31,00:06:35
15:56:43,00:07:16
15:58:33,00:06:29
15:58:49,00:06:26
15:59:30,00:06:26
15:59:34,00:06:31
15:59:54,00:06:27
15:59:55,00:06:47
16:00:14,00:07:52
16:02:37,00:08:26
16:03:59,00:08:41
16:04:10,00:09:51
16:04:25,00:10:58
16:04:51,00:12:14
16:06:00,00:11:47
16:06:18,00:12:51
16:06:19,00:13:44
16:07:05,00:15:07
16:07:40,00:15:07
16:10:29,00:13:32
16:10:48,00:13:17
16:10:53,00:14:36
16:11:50,00:15:02
16:12:24,00:14:36
16:13:45,00:13:44
16:13:46,00:14:34
16:15:30,00:14:21
16:16:24,00:13:39
16:16:30,N/A
16:17:30,00:13:31
16:19:47,00:12:14
16:20:51,00:13:54
16:23:30,00:11:25
16:24:15,00:11:22
16:24:27,00:12:16
16:25:25,00:13:20
16:26:34,00:13:23
16:28:33,00:12:59
16:28:52,00:14:05
16:33:02,00:10:48
16:33:25,00:10:33
16:33:25,00:11:04
16:36:18,00:10:27
16:36:32,00:11:37
16:36:40,00:12:06
16:37:19,00:11:38
16:38:27,00:10:56
16:42:52,00:09:33
16:43:45,00:09:58
16:45:05,00:08:58
16:46:49,00:07:47
16:47:10,00:07:43
16:49:57,00:07:16
16:52:00,00:05:57
16:53:00,00:05:56
16:53:17,00:06:59
16:55:09,00:05:49
16:56:24,00:05:42
16:59:13,00:03:33
16:59:34,00:03:51
17:00:57,00:03:22
17:02:37,00:02:34
17:03:17,00:02:48
17:04:43,00:03:41
17:05:18,00:04:12
17:07:08,00:03:32
17:08:03,00:03:26
17:09:27,00:03:12
17:09:56,00:03:46
17:10:06,00:04:31
17:10:48,00:04:56
17:13:41,00:02:24
17:14:03,00:02:58
17:14:58,00:02:33
17:16:19,00:01:21
17:18:24,00:00:00
17:19:07,00:00:34
17:20:03,00:00:00
17:20:17,00:01:48
17:20:19,00:04:03
17:21:56,00:03:07
17:21:57,00:03:07
17:22:02,00:04:37
17:22:16,00:06:23
17:25:40,00:03:13
17:27:23,00:02:42
17:28:52,00:02:14
17:30:18,00:01:10
17:30:29,00:01:44
17:31:12,00:01:08
17:31:49,00:01:45
17:32:10,00:01:36
17:32:15,00:01:34
17:32:44,00:03:51
17:33:49,00:02:47
17:34:28,00:02:29
17:36:42,00:01:11
17:36:57,00:02:01
17:40:52,00:00:33
17:42:07,00:01:27
17:42:35,00:01:38
17:45:01,00:01:26
17:45:05,00:03:27
17:46:36,00:03:25
17:46:42,00:04:07
17:46:44,00:05:08
17:48:04,00:04:04
17:52:09,00:01:55
17:52:30,00:01:42
17:52:45,00:04:25
17:54:49,00:02:54
17:55:50,00:04:29
17:57:58,00:03:17
17:57:59,00:05:44
17:58:16,00:07:29
18:01:36,00:05:01
18:05:08,00:03:01
18:09:17,00:01:03
18:10:14,00:02:02
18:11:15,00:01:21
18:15:38,00:00:00
18:16:44,00:00:00
18:17:07,00:00:00
18:27:47,00:00:00
18:28:48,00:00:00
18:32:30,00:00:00
18:33:20,00:00:00
18:41:13,00:00:00
19:05:32,00:00:00
