weekday,time_slot,person_id
Monday,10:20 - 10:30,1
Monday,10:30 - 10:40,2
Monday,10:30 - 10:40,3
Monday,10:40 - 10:50,4
Monday,10:40 - 10:50,5
Monday,10:50 - 11:00,6
Monday,10:50 - 11:00,7
Monday,10:50 - 11:00,8
Monday,10:50 - 11:00,9
Monday,10:50 - 11:00,10
Monday,10:50 - 11:00,11
Monday,10:50 - 11:00,12
Monday,11:00 - 11:10,13
Monday,11:00 - 11:10,14
Monday,11:00 - 11:10,15
Monday,11:00 - 11:10,16
Monday,11:00 - 11:10,17
Monday,11:00 - 11:10,18
Monday,11:00 - 11:10,19
Monday,11:00 - 11:10,20
Monday,11:00 - 11:10,21
Monday,11:00 - 11:10,22
Monday,11:00 - 11:10,23
Monday,11:00 - 11:10,24
Monday,11:10 - 11:20,25
Monday,11:10 - 11:20,26
Monday,11:10 - 11:20,27
Monday,11:10 - 11:20,28
Monday,11:10 - 11:20,29
Monday,11:10 - 11:20,30
Monday,11:10 - 11:20,31
Monday,11:10 - 11:20,32
Monday,11:10 - 11:20,33
Monday,11:10 - 11:20,34
Monday,11:10 - 11:20,35
Monday,11:10 - 11:20,36
Monday,11:10 - 11:20,37
Monday,11:10 - 11:20,38
Monday,11:10 - 11:20,39
Monday,11:10 - 11:20,40
Monday,11:10 - 11:20,41
Monday,11:20 - 11:30,42
Monday,11:20 - 11:30,43
Monday,11:20 - 11:30,44
Monday,11:20 - 11:30,45
Monday,11:20 - 11:30,46
Monday,11:20 - 11:30,47
Monday,11:20 - 11:30,48
Monday,11:20 - 11:30,49
Monday,11:20 - 11:30,50
Monday,11:20 - 11:30,51
Monday,11:20 - 11:30,52
Monday,11:20 - 11:30,53
Monday,11:20 - 11:30,54
Monday,11:20 - 11:30,55
Monday,11:20 - 11:30,56
Monday,11:20 - 11:30,57
Monday,11:20 - 11:30,58
Monday,11:20 - 11:30,59
Monday,11:20 - 11:30,60
Monday,11:20 - 11:30,61
Monday,11:20 - 11:30,62
Monday,11:20 - 11:30,63
Monday,11:20 - 11:30,64
Monday,11:20 - 11:30,65
Monday,11:20 - 11:30,66
Monday,11:20 - 11:30,67
Monday,11:20 - 11:30,68
Monday,11:20 - 11:30,69
Monday,11:20 - 11:30,70
Monday,11:20 - 11:30,71
Monday,11:30 - 11:40,72
Monday,11:30 - 11:40,73
Monday,11:30 - 11:40,74
Monday,11:30 - 11:40,75
Monday,11:30 - 11:40,76
Monday,11:30 - 11:40,77
Monday,11:30 - 11:40,78
Monday,11:30 - 11:40,79
Monday,11:30 - 11:40,80
Monday,11:30 - 11:40,81
Monday,11:30 - 11:40,82
Monday,11:30 - 11:40,83
Monday,11:30 - 11:40,84
Monday,11:30 - 11:40,85
Monday,11:30 - 11:40,86
Monday,11:30 - 11:40,87
Monday,11:30 - 11:40,88
Monday,11:30 - 11:40,89
Monday,11:30 - 11:40,90
Monday,11:30 - 11:40,91
Monday,11:30 - 11:40,92
Monday,11:30 - 11:40,93
Monday,11:30 - 11:40,94
Monday,11:30 - 11:40,95
Monday,11:30 - 11:40,96
Monday,11:30 - 11:40,97
Monday,11:30 - 11:40,98
Monday,11:30 - 11:40,99
Monday,11:30 - 11:40,100
Monday,11:30 - 11:40,101
Monday,11:30 - 11:40,102
Monday,11:30 - 11:40,103
Monday,11:30 - 11:40,104
Monday,11:30 - 11:40,105
Monday,11:30 - 11:40,106
Monday,11:30 - 11:40,107
Monday,11:30 - 11:40,108
Monday,11:30 - 11:40,109
Monday,11:30 - 11:40,110
Monday,11:30 - 11:40,111
Monday,11:30 - 11:40,112
Monday,11:30 - 11:40,113
Monday,11:40 - 11:50,114
Monday,11:40 - 11:50,115
Monday,11:40 - 11:50,116
Monday,11:40 - 11:50,117
Monday,11:40 - 11:50,118
Monday,11:40 - 11:50,119
Monday,11:40 - 11:50,120
Monday,11:40 - 11:50,121
Monday,11:40 - 11:50,122
Monday,11:40 - 11:50,123
Monday,11:40 - 11:50,124
Monday,11:40 - 11:50,125
Monday,11:40 - 11:50,126
Monday,11:40 - 11:50,127
Monday,11:40 - 11:50,128
Monday,11:40 - 11:50,129
Monday,11:40 - 11:50,130
Monday,11:40 - 11:50,131
Monday,11:40 - 11:50,132
Monday,11:40 - 11:50,133
Monday,11:40 - 11:50,134
Monday,11:40 - 11:50,135
Monday,11:40 - 11:50,136
Monday,11:40 - 11:50,137
Monday,11:40 - 11:50,138
Monday,11:40 - 11:50,139
Monday,11:40 - 11:50,140
Monday,11:40 - 11:50,141
Monday,11:40 - 11:50,142
Monday,11:40 - 11:50,143
Monday,11:40 - 11:50,144
Monday,11:40 - 11:50,145
Monday,11:50 - 12:00,146
Monday,11:50 - 12:00,147
Monday,11:50 - 12:00,148
Monday,11:50 - 12:00,149
Monday,11:50 - 12:00,150
Monday,11:50 - 12:00,151
Monday,11:50 - 12:00,152
Monday,11:50 - 12:00,153
Monday,11:50 - 12:00,154
Monday,11:50 - 12:00,155
Monday,11:50 - 12:00,156
Monday,11:50 - 12:00,157
Monday,11:50 - 12:00,158
Monday,11:50 - 12:00,159
Monday,11:50 - 12:00,160
Monday,11:50 - 12:00,161
Monday,11:50 - 12:00,162
Monday,11:50 - 12:00,163
Monday,11:50 - 12:00,164
Monday,11:50 - 12:00,165
Monday,11:50 - 12:00,166
Monday,11:50 - 12:00,167
Monday,11:50 - 12:00,168
Monday,11:50 - 12:00,169
Monday,11:50 - 12:00,170
Monday,11:50 - 12:00,171
Monday,11:50 - 12:00,172
Monday,11:50 - 12:00,173
Monday,11:50 - 12:00,174
Monday,11:50 - 12:00,175
Monday,11:50 - 12:00,176
Monday,12:00 - 12:10,177
Monday,12:00 - 12:10,178
Monday,12:00 - 12:10,179
Monday,12:00 - 12:10,180
Monday,12:00 - 12:10,181
Monday,12:00 - 12:10,182
Monday,12:00 - 12:10,183
Monday,12:10 - 12:20,184
Monday,12:10 - 12:20,185
Monday,12:10 - 12:20,186
Monday,12:10 - 12:20,187
Monday,12:10 - 12:20,188
Monday,12:10 - 12:20,189
Monday,12:10 - 12:20,190
Monday,12:10 - 12:20,191
Monday,12:10 - 12:20,192
Monday,12:10 - 12:20,193
Monday,12:10 - 12:20,194
Monday,12:10 - 12:20,195
Monday,12:10 - 12:20,196
Monday,12:10 - 12:20,197
Monday,12:10 - 12:20,198
Monday,12:20 - 12:30,199
Monday,12:20 - 12:30,200
Monday,12:20 - 12:30,201
Monday,12:20 - 12:30,202
Monday,12:20 - 12:30,203
Monday,12:20 - 12:30,204
Monday,12:20 - 12:30,205
Monday,12:20 - 12:30,206
Monday,12:20 - 12:30,207
Monday,12:20 - 12:30,208
Monday,12:20 - 12:30,209
Monday,12:20 - 12:30,210
Monday,12:20 - 12:30,211
Monday,12:30 - 12:40,212
Monday,12:30 - 12:40,213
Monday,12:30 - 12:40,214
Monday,12:30 - 12:40,215
Monday,12:30 - 12:40,216
Monday,12:30 - 12:40,217
Monday,12:30 - 12:40,218
Monday,12:30 - 12:40,219
Monday,12:30 - 12:40,220
Monday,12:30 - 12:40,221
Monday,12:30 - 12:40,222
Monday,12:30 - 12:40,223
Monday,12:30 - 12:40,224
Monday,12:30 - 12:40,225
Monday,12:30 - 12:40,226
Monday,12:40 - 12:50,227
Monday,12:40 - 12:50,228
Monday,12:40 - 12:50,229
Monday,12:40 - 12:50,230
Monday,12:40 - 12:50,231
Monday,12:40 - 12:50,232
Monday,12:40 - 12:50,233
Monday,12:40 - 12:50,234
Monday,12:40 - 12:50,235
Monday,12:40 - 12:50,236
Monday,12:40 - 12:50,237
Monday,12:40 - 12:50,238
Monday,12:40 - 12:50,239
Monday,12:40 - 12:50,240
Monday,12:40 - 12:50,241
Monday,12:40 - 12:50,242
Monday,12:40 - 12:50,243
Monday,12:40 - 12:50,244
Monday,12:40 - 12:50,245
Monday,12:40 - 12:50,246
Monday,12:40 - 12:50,247
Monday,12:40 - 12:50,248
Monday,12:40 - 12:50,249
Monday,12:50 - 13:00,250
Monday,12:50 - 13:00,251
Monday,12:50 - 13:00,252
Monday,12:50 - 13:00,253
Monday,12:50 - 13:00,254
Monday,12:50 - 13:00,255
Monday,12:50 - 13:00,256
Monday,12:50 - 13:00,257
Monday,12:50 - 13:00,258
Monday,12:50 - 13:00,259
Monday,12:50 - 13:00,260
Monday,12:50 - 13:00,261
Monday,12:50 - 13:00,262
Monday,12:50 - 13:00,263
Monday,12:50 - 13:00,264
Monday,12:50 - 13:00,265
Monday,12:50 - 13:00,266
Monday,12:50 - 13:00,267
Monday,12:50 - 13:00,268
Monday,12:50 - 13:00,269
Monday,13:00 - 13:10,270
Monday,13:00 - 13:10,271
Monday,13:00 - 13:10,272
Monday,13:00 - 13:10,273
Monday,13:00 - 13:10,274
Monday,13:00 - 13:10,275
Monday,13:00 - 13:10,276
Monday,13:00 - 13:10,277
Monday,13:00 - 13:10,278
Monday,13:00 - 13:10,279
Monday,13:00 - 13:10,280
Monday,13:00 - 13:10,281
Monday,13:00 - 13:10,282
Monday,13:00 - 13:10,283
Monday,13:00 - 13:10,284
Monday,13:00 - 13:10,285
Monday,13:00 - 13:10,286
Monday,13:00 - 13:10,287
Monday,13:00 - 13:10,288
Monday,13:00 - 13:10,289
Monday,13:00 - 13:10,290
Monday,13:00 - 13:10,291
Monday,13:00 - 13:10,292
Monday,13:00 - 13:10,293
Monday,13:00 - 13:10,294
Monday,13:00 - 13:10,295
Monday,13:00 - 13:10,296
Monday,13:00 - 13:10,297
Monday,13:00 - 13:10,298
Monday,13:00 - 13:10,299
Monday,13:00 - 13:10,300
Monday,13:00 - 13:10,301
Monday,13:00 - 13:10,302
Monday,13:00 - 13:10,303
Monday,14:10 - 14:20,304
Monday,14:10 - 14:20,305
Monday,14:10 - 14:20,306
Monday,14:10 - 14:20,307
Monday,14:10 - 14:20,308
Monday,14:10 - 14:20,309
Monday,14:10 - 14:20,310
Monday,14:10 - 14:20,311
Monday,14:10 - 14:20,312
Monday,14:10 - 14:20,313
Monday,14:10 - 14:20,314
Monday,14:20 - 14:30,315
Monday,14:20 - 14:30,316
Monday,14:20 - 14:30,317
Monday,14:20 - 14:30,318
Monday,14:20 - 14:30,319
Monday,14:30 - 14:40,320
Monday,14:30 - 14:40,321
Monday,14:30 - 14:40,322
Monday,14:30 - 14:40,323
Monday,14:30 - 14:40,324
Monday,14:30 - 14:40,325
Monday,14:40 - 14:50,326
Monday,14:40 - 14:50,327
Monday,14:40 - 14:50,328
Monday,14:40 - 14:50,329
Monday,14:40 - 14:50,330
Monday,14:50 - 15:00,331
Monday,14:50 - 15:00,332
Monday,14:50 - 15:00,333
Monday,14:50 - 15:00,334
Monday,14:50 - 15:00,335
Monday,14:50 - 15:00,336
Monday,14:50 - 15:00,337
Monday,14:50 - 15:00,338
Monday,14:50 - 15:00,339
Monday,15:00 - 15:10,340
Monday,15:00 - 15:10,341
Monday,15:00 - 15:10,342
Monday,15:00 - 15:10,343
Monday,15:00 - 15:10,344
Monday,15:00 - 15:10,345
Monday,15:00 - 15:10,346
Monday,15:10 - 15:20,347
Monday,15:10 - 15:20,348
Monday,15:10 - 15:20,349
Monday,15:10 - 15:20,350
Monday,15:10 - 15:20,351
Monday,15:10 - 15:20,352
Monday,15:10 - 15:20,353
Monday,15:10 - 15:20,354
Monday,15:10 - 15:20,355
Monday,15:10 - 15:20,356
Monday,15:10 - 15:20,357
Monday,15:20 - 15:30,358
Monday,15:20 - 15:30,359
Monday,15:20 - 15:30,360
Monday,15:20 - 15:30,361
Monday,15:20 - 15:30,362
Monday,15:20 - 15:30,363
Monday,15:20 - 15:30,364
Monday,15:20 - 15:30,365
Monday,15:20 - 15:30,366
Monday,15:20 - 15:30,367
Monday,15:20 - 15:30,368
Monday,15:20 - 15:30,369
Monday,15:20 - 15:30,370
Monday,15:20 - 15:30,371
Monday,15:30 - 15:40,372
Monday,15:30 - 15:40,373
Monday,15:30 - 15:40,374
Monday,15:30 - 15:40,375
Monday,15:30 - 15:40,376
Monday,15:30 - 15:40,377
Monday,15:30 - 15:40,378
Monday,15:30 - 15:40,379
Monday,15:30 - 15:40,380
Monday,15:30 - 15:40,381
Monday,15:30 - 15:40,382
Monday,15:30 - 15:40,383
Monday,15:30 - 15:40,384
Monday,15:40 - 15:50,385
Monday,15:40 - 15:50,386
Monday,15:40 - 15:50,387
Monday,15:40 - 15:50,388
Monday,15:40 - 15:50,389
Monday,15:40 - 15:50,390
Monday,15:40 - 15:50,391
Monday,15:40 - 15:50,392
Monday,15:40 - 15:50,393
Monday,15:40 - 15:50,394
Monday,15:40 - 15:50,395
Monday,15:40 - 15:50,396
Monday,15:40 - 15:50,397
Monday,15:40 - 15:50,398
Monday,15:40 - 15:50,399
Monday,15:40 - 15:50,400
Monday,15:40 - 15:50,401
Monday,15:40 - 15:50,402
Monday,15:40 - 15:50,403
Monday,15:40 - 15:50,404
Monday,15:40 - 15:50,405
Monday,15:40 - 15:50,406
Monday,15:50 - 16:00,407
Monday,15:50 - 16:00,408
Monday,15:50 - 16:00,409
Monday,15:50 - 16:00,410
Monday,15:50 - 16:00,411
Monday,15:50 - 16:00,412
Monday,15:50 - 16:00,413
Monday,15:50 - 16:00,414
Monday,15:50 - 16:00,415
Monday,15:50 - 16:00,416
Monday,15:50 - 16:00,417
Monday,15:50 - 16:00,418
Monday,15:50 - 16:00,419
Monday,15:50 - 16:00,420
Monday,15:50 - 16:00,421
Monday,15:50 - 16:00,422
Monday,15:50 - 16:00,423
Monday,15:50 - 16:00,424
Monday,15:50 - 16:00,425
Monday,15:50 - 16:00,426
Monday,15:50 - 16:00,427
Monday,15:50 - 16:00,428
Monday,15:50 - 16:00,429
Monday,15:50 - 16:00,430
Monday,17:00 - 17:10,431
Monday,17:00 - 17:10,432
Monday,17:00 - 17:10,433
Monday,17:00 - 17:10,434
Monday,17:00 - 17:10,435
Monday,17:00 - 17:10,436
Monday,17:00 - 17:10,437
Monday,17:00 - 17:10,438
Monday,17:00 - 17:10,439
Monday,17:00 - 17:10,440
Monday,17:00 - 17:10,441
Monday,17:00 - 17:10,442
Monday,17:00 - 17:10,443
Monday,17:00 - 17:10,444
Monday,17:00 - 17:10,445
Monday,17:00 - 17:10,446
Monday,17:00 - 17:10,447
Monday,17:00 - 17:10,448
Monday,17:00 - 17:10,449
Monday,17:00 - 17:10,450
Monday,17:10 - 17:20,451
Monday,17:10 - 17:20,452
Monday,17:10 - 17:20,453
Monday,17:10 - 17:20,454
Monday,17:10 - 17:20,455
Monday,17:10 - 17:20,456
Monday,17:10 - 17:20,457
Monday,17:10 - 17:20,458
Monday,17:10 - 17:20,459
Monday,17:10 - 17:20,460
Monday,17:10 - 17:20,461
Monday,17:10 - 17:20,462
Monday,17:10 - 17:20,463
Monday,17:10 - 17:20,464
Monday,17:10 - 17:20,465
Monday,17:10 - 17:20,466
Monday,17:10 - 17:20,467
Monday,17:10 - 17:20,468
Monday,17:10 - 17:20,469
Monday,17:10 - 17:20,470
Monday,17:10 - 17:20,471
Monday,17:10 - 17:20,472
Monday,17:10 - 17:20,473
Monday,17:20 - 17:30,474
Monday,17:20 - 17:30,475
Monday,17:20 - 17:30,476
Monday,17:20 - 17:30,477
Monday,17:20 - 17:30,478
Monday,17:20 - 17:30,479
Monday,17:20 - 17:30,480
Monday,17:20 - 17:30,481
Monday,17:20 - 17:30,482
Monday,17:20 - 17:30,483
Monday,17:20 - 17:30,484
Monday,17:20 - 17:30,485
Monday,17:20 - 17:30,486
Monday,17:20 - 17:30,487
Monday,17:20 - 17:30,488
Monday,17:20 - 17:30,489
Monday,17:20 - 17:30,490
Monday,17:20 - 17:30,491
Monday,17:20 - 17:30,492
Monday,17:20 - 17:30,493
Monday,17:20 - 17:30,494
Monday,17:20 - 17:30,495
Monday,17:20 - 17:30,496
Monday,17:20 - 17:30,497
Monday,17:20 - 17:30,498
Monday,17:20 - 17:30,499
Monday,17:20 - 17:30,500
Monday,17:20 - 17:30,501
Monday,17:20 - 17:30,502
Monday,17:30 - 17:40,503
Monday,17:30 - 17:40,504
Monday,17:30 - 17:40,505
Monday,17:30 - 17:40,506
Monday,17:30 - 17:40,507
Monday,17:30 - 17:40,508
Monday,17:30 - 17:40,509
Monday,17:30 - 17:40,510
Monday,17:30 - 17:40,511
Monday,17:30 - 17:40,512
Monday,17:30 - 17:40,513
Monday,17:30 - 17:40,514
Monday,17:30 - 17:40,515
Monday,17:30 - 17:40,516
Monday,17:30 - 17:40,517
Monday,17:30 - 17:40,518
Monday,17:30 - 17:40,519
Monday,17:30 - 17:40,520
Monday,17:30 - 17:40,521
Monday,17:30 - 17:40,522
Monday,17:30 - 17:40,523
Monday,17:40 - 17:50,524
Monday,17:40 - 17:50,525
Monday,17:40 - 17:50,526
Monday,17:40 - 17:50,527
Monday,17:40 - 17:50,528
Monday,17:40 - 17:50,529
Monday,17:40 - 17:50,530
Monday,17:40 - 17:50,531
Monday,17:40 - 17:50,532
Monday,17:40 - 17:50,533
Monday,17:40 - 17:50,534
Monday,17:40 - 17:50,535
Monday,17:40 - 17:50,536
Monday,17:40 - 17:50,537
Monday,17:40 - 17:50,538
Monday,17:40 - 17:50,539
Monday,17:40 - 17:50,540
Monday,17:40 - 17:50,541
Monday,17:40 - 17:50,542
Monday,17:50 - 18:00,543
Monday,17:50 - 18:00,544
Monday,17:50 - 18:00,545
Monday,17:50 - 18:00,546
Monday,17:50 - 18:00,547
Monday,17:50 - 18:00,548
Monday,17:50 - 18:00,549
Monday,17:50 - 18:00,550
Monday,17:50 - 18:00,551
Monday,17:50 - 18:00,552
Monday,17:50 - 18:00,553
Monday,17:50 - 18:00,554
Monday,17:50 - 18:00,555
Monday,17:50 - 18:00,556
Monday,18:00 - 18:10,557
Monday,18:00 - 18:10,558
Monday,18:00 - 18:10,559
Monday,18:00 - 18:10,560
Monday,18:00 - 18:10,561
Monday,18:10 - 18:20,562
Monday,18:10 - 18:20,563
Monday,18:10 - 18:20,564
Monday,18:10 - 18:20,565
Monday,18:10 - 18:20,566
Monday,18:10 - 18:20,567
Monday,18:10 - 18:20,568
Monday,18:20 - 18:30,569
Monday,18:20 - 18:30,570
Monday,18:20 - 18:30,571
Monday,18:20 - 18:30,572
Monday,18:20 - 18:30,573
Monday,18:30 - 18:40,574
Monday,18:30 - 18:40,575
Monday,18:30 - 18:40,576
Monday,18:30 - 18:40,577
Monday,18:30 - 18:40,578
Monday,18:30 - 18:40,579
Monday,18:30 - 18:40,580
Monday,18:40 - 18:50,581
Monday,18:50 - 19:00,582
Tuesday,10:00 - 10:10,583
Tuesday,10:30 - 10:40,584
Tuesday,10:30 - 10:40,585
Tuesday,10:40 - 10:50,586
Tuesday,10:40 - 10:50,587
Tuesday,10:40 - 10:50,588
Tuesday,10:40 - 10:50,589
Tuesday,10:50 - 11:00,590
Tuesday,10:50 - 11:00,591
Tuesday,10:50 - 11:00,592
Tuesday,10:50 - 11:00,593
Tuesday,10:50 - 11:00,594
Tuesday,10:50 - 11:00,595
Tuesday,10:50 - 11:00,596
Tuesday,10:50 - 11:00,597
Tuesday,10:50 - 11:00,598
Tuesday,10:50 - 11:00,599
Tuesday,10:50 - 11:00,600
Tuesday,10:50 - 11:00,601
Tuesday,11:00 - 11:10,602
Tuesday,11:00 - 11:10,603
Tuesday,11:00 - 11:10,604
Tuesday,11:00 - 11:10,605
Tuesday,11:00 - 11:10,606
Tuesday,11:00 - 11:10,607
Tuesday,11:00 - 11:10,608
Tuesday,11:00 - 11:10,609
Tuesday,11:00 - 11:10,610
Tuesday,11:00 - 11:10,611
Tuesday,11:00 - 11:10,612
Tuesday,11:00 - 11:10,613
Tuesday,11:00 - 11:10,614
Tuesday,11:00 - 11:10,615
Tuesday,11:00 - 11:10,616
Tuesday,11:00 - 11:10,617
Tuesday,11:00 - 11:10,618
Tuesday,11:00 - 11:10,619
Tuesday,11:00 - 11:10,620
Tuesday,11:10 - 11:20,621
Tuesday,11:10 - 11:20,622
Tuesday,11:10 - 11:20,623
Tuesday,11:10 - 11:20,624
Tuesday,11:10 - 11:20,625
Tuesday,11:10 - 11:20,626
Tuesday,11:10 - 11:20,627
Tuesday,11:10 - 11:20,628
Tuesday,11:10 - 11:20,629
Tuesday,11:10 - 11:20,630
Tuesday,11:10 - 11:20,631
Tuesday,11:10 - 11:20,632
Tuesday,11:10 - 11:20,633
Tuesday,11:10 - 11:20,634
Tuesday,11:10 - 11:20,635
Tuesday,11:10 - 11:20,636
Tuesday,11:10 - 11:20,637
Tuesday,11:10 - 11:20,638
Tuesday,11:10 - 11:20,639
Tuesday,11:10 - 11:20,640
Tuesday,11:10 - 11:20,641
Tuesday,11:10 - 11:20,642
Tuesday,11:10 - 11:20,643
Tuesday,11:10 - 11:20,644
Tuesday,11:10 - 11:20,645
Tuesday,11:10 - 11:20,646
Tuesday,11:10 - 11:20,647
Tuesday,11:20 - 11:30,648
Tuesday,11:20 - 11:30,649
Tuesday,11:20 - 11:30,650
Tuesday,11:20 - 11:30,651
Tuesday,11:20 - 11:30,652
Tuesday,11:20 - 11:30,653
Tuesday,11:20 - 11:30,654
Tuesday,11:20 - 11:30,655
Tuesday,11:20 - 11:30,656
Tuesday,11:20 - 11:30,657
Tuesday,11:20 - 11:30,658
Tuesday,11:20 - 11:30,659
Tuesday,11:20 - 11:30,660
Tuesday,11:20 - 11:30,661
Tuesday,11:20 - 11:30,662
Tuesday,11:20 - 11:30,663
Tuesday,11:20 - 11:30,664
Tuesday,11:20 - 11:30,665
Tuesday,11:20 - 11:30,666
Tuesday,11:20 - 11:30,667
Tuesday,11:20 - 11:30,668
Tuesday,11:20 - 11:30,669
Tuesday,11:20 - 11:30,670
Tuesday,11:20 - 11:30,671
Tuesday,11:20 - 11:30,672
Tuesday,11:20 - 11:30,673
Tuesday,11:20 - 11:30,674
Tuesday,11:20 - 11:30,675
Tuesday,11:30 - 11:40,676
Tuesday,11:30 - 11:40,677
Tuesday,11:30 - 11:40,678
Tuesday,11:30 - 11:40,679
Tuesday,11:30 - 11:40,680
Tuesday,11:30 - 11:40,681
Tuesday,11:30 - 11:40,682
Tuesday,11:30 - 11:40,683
Tuesday,11:30 - 11:40,684
Tuesday,11:30 - 11:40,685
Tuesday,11:30 - 11:40,686
Tuesday,11:30 - 11:40,687
Tuesday,11:30 - 11:40,688
Tuesday,11:30 - 11:40,689
Tuesday,11:30 - 11:40,690
Tuesday,11:30 - 11:40,691
Tuesday,11:30 - 11:40,692
Tuesday,11:30 - 11:40,693
Tuesday,11:30 - 11:40,694
Tuesday,11:30 - 11:40,695
Tuesday,11:30 - 11:40,696
Tuesday,11:30 - 11:40,697
Tuesday,11:30 - 11:40,698
Tuesday,11:30 - 11:40,699
Tuesday,11:30 - 11:40,700
Tuesday,11:30 - 11:40,701
Tuesday,11:40 - 11:50,702
Tuesday,11:40 - 11:50,703
Tuesday,11:40 - 11:50,704
Tuesday,11:40 - 11:50,705
Tuesday,11:40 - 11:50,706
Tuesday,11:40 - 11:50,707
Tuesday,11:40 - 11:50,708
Tuesday,11:40 - 11:50,709
Tuesday,11:40 - 11:50,710
Tuesday,11:40 - 11:50,711
Tuesday,11:40 - 11:50,712
Tuesday,11:40 - 11:50,713
Tuesday,11:40 - 11:50,714
Tuesday,11:40 - 11:50,715
Tuesday,11:40 - 11:50,716
Tuesday,11:40 - 11:50,717
Tuesday,11:40 - 11:50,718
Tuesday,11:40 - 11:50,719
Tuesday,11:40 - 11:50,720
Tuesday,11:40 - 11:50,721
Tuesday,11:40 - 11:50,722
Tuesday,11:40 - 11:50,723
Tuesday,11:40 - 11:50,724
Tuesday,11:40 - 11:50,725
Tuesday,11:40 - 11:50,726
Tuesday,11:50 - 12:00,727
Tuesday,11:50 - 12:00,728
Tuesday,11:50 - 12:00,729
Tuesday,11:50 - 12:00,730
Tuesday,11:50 - 12:00,731
Tuesday,11:50 - 12:00,732
Tuesday,11:50 - 12:00,733
Tuesday,11:50 - 12:00,734
Tuesday,11:50 - 12:00,735
Tuesday,11:50 - 12:00,736
Tuesday,11:50 - 12:00,737
Tuesday,11:50 - 12:00,738
Tuesday,11:50 - 12:00,739
Tuesday,11:50 - 12:00,740
Tuesday,11:50 - 12:00,741
Tuesday,11:50 - 12:00,742
Tuesday,11:50 - 12:00,743
Tuesday,11:50 - 12:00,744
Tuesday,11:50 - 12:00,745
Tuesday,11:50 - 12:00,746
Tuesday,11:50 - 12:00,747
Tuesday,11:50 - 12:00,748
Tuesday,12:00 - 12:10,749
Tuesday,12:00 - 12:10,750
Tuesday,12:00 - 12:10,751
Tuesday,12:00 - 12:10,752
Tuesday,12:00 - 12:10,753
Tuesday,12:00 - 12:10,754
Tuesday,12:00 - 12:10,755
Tuesday,12:00 - 12:10,756
Tuesday,12:00 - 12:10,757
Tuesday,12:00 - 12:10,758
Tuesday,12:00 - 12:10,759
Tuesday,12:00 - 12:10,760
Tuesday,12:00 - 12:10,761
Tuesday,12:10 - 12:20,762
Tuesday,12:10 - 12:20,763
Tuesday,12:10 - 12:20,764
Tuesday,12:10 - 12:20,765
Tuesday,12:10 - 12:20,766
Tuesday,12:10 - 12:20,767
Tuesday,12:20 - 12:30,768
Tuesday,12:20 - 12:30,769
Tuesday,12:20 - 12:30,770
Tuesday,12:20 - 12:30,771
Tuesday,12:20 - 12:30,772
Tuesday,12:20 - 12:30,773
Tuesday,12:20 - 12:30,774
Tuesday,12:20 - 12:30,775
Tuesday,12:20 - 12:30,776
Tuesday,12:20 - 12:30,777
Tuesday,12:20 - 12:30,778
Tuesday,12:30 - 12:40,779
Tuesday,12:30 - 12:40,780
Tuesday,12:30 - 12:40,781
Tuesday,12:30 - 12:40,782
Tuesday,12:30 - 12:40,783
Tuesday,12:30 - 12:40,784
Tuesday,12:30 - 12:40,785
Tuesday,12:30 - 12:40,786
Tuesday,12:30 - 12:40,787
Tuesday,12:30 - 12:40,788
Tuesday,12:30 - 12:40,789
Tuesday,12:30 - 12:40,790
Tuesday,12:30 - 12:40,791
Tuesday,12:30 - 12:40,792
Tuesday,12:30 - 12:40,793
Tuesday,12:30 - 12:40,794
Tuesday,12:40 - 12:50,795
Tuesday,12:40 - 12:50,796
Tuesday,12:40 - 12:50,797
Tuesday,12:40 - 12:50,798
Tuesday,12:40 - 12:50,799
Tuesday,12:40 - 12:50,800
Tuesday,12:40 - 12:50,801
Tuesday,12:40 - 12:50,802
Tuesday,12:40 - 12:50,803
Tuesday,12:40 - 12:50,804
Tuesday,12:40 - 12:50,805
Tuesday,12:40 - 12:50,806
Tuesday,12:40 - 12:50,807
Tuesday,12:40 - 12:50,808
Tuesday,12:40 - 12:50,809
Tuesday,12:40 - 12:50,810
Tuesday,12:50 - 13:00,811
Tuesday,12:50 - 13:00,812
Tuesday,12:50 - 13:00,813
Tuesday,12:50 - 13:00,814
Tuesday,12:50 - 13:00,815
Tuesday,12:50 - 13:00,816
Tuesday,12:50 - 13:00,817
Tuesday,12:50 - 13:00,818
Tuesday,12:50 - 13:00,819
Tuesday,12:50 - 13:00,820
Tuesday,12:50 - 13:00,821
Tuesday,12:50 - 13:00,822
Tuesday,12:50 - 13:00,823
Tuesday,12:50 - 13:00,824
Tuesday,12:50 - 13:00,825
Tuesday,12:50 - 13:00,826
Tuesday,12:50 - 13:00,827
Tuesday,12:50 - 13:00,828
Tuesday,12:50 - 13:00,829
Tuesday,12:50 - 13:00,830
Tuesday,12:50 - 13:00,831
Tuesday,12:50 - 13:00,832
Tuesday,12:50 - 13:00,833
Tuesday,12:50 - 13:00,834
Tuesday,12:50 - 13:00,835
Tuesday,12:50 - 13:00,836
Tuesday,12:50 - 13:00,837
Tuesday,13:00 - 13:10,838
Tuesday,13:00 - 13:10,839
Tuesday,13:00 - 13:10,840
Tuesday,13:00 - 13:10,841
Tuesday,13:00 - 13:10,842
Tuesday,13:00 - 13:10,843
Tuesday,13:00 - 13:10,844
Tuesday,13:00 - 13:10,845
Tuesday,13:00 - 13:10,846
Tuesday,13:00 - 13:10,847
Tuesday,13:00 - 13:10,848
Tuesday,13:00 - 13:10,849
Tuesday,13:00 - 13:10,850
Tuesday,13:00 - 13:10,851
Tuesday,13:00 - 13:10,852
Tuesday,13:00 - 13:10,853
Tuesday,13:00 - 13:10,854
Tuesday,13:00 - 13:10,855
Tuesday,13:00 - 13:10,856
Tuesday,13:00 - 13:10,857
Tuesday,13:00 - 13:10,858
Tuesday,13:00 - 13:10,859
Tuesday,13:00 - 13:10,860
Tuesday,13:00 - 13:10,861
Tuesday,13:00 - 13:10,862
Tuesday,13:00 - 13:10,863
Tuesday,13:00 - 13:10,864
Tuesday,13:00 - 13:10,865
Tuesday,13:00 - 13:10,866
Tuesday,13:00 - 13:10,867
Tuesday,13:00 - 13:10,868
Tuesday,13:00 - 13:10,869
Tuesday,13:10 - 13:20,870
Tuesday,13:10 - 13:20,871
Tuesday,13:10 - 13:20,872
Tuesday,13:10 - 13:20,873
Tuesday,13:10 - 13:20,874
Tuesday,13:10 - 13:20,875
Tuesday,13:10 - 13:20,876
Tuesday,13:10 - 13:20,877
Tuesday,13:10 - 13:20,878
Tuesday,13:10 - 13:20,879
Tuesday,13:10 - 13:20,880
Tuesday,13:10 - 13:20,881
Tuesday,13:10 - 13:20,882
Tuesday,13:10 - 13:20,883
Tuesday,13:10 - 13:20,884
Tuesday,13:10 - 13:20,885
Tuesday,13:10 - 13:20,886
Tuesday,13:10 - 13:20,887
Tuesday,13:10 - 13:20,888
Tuesday,13:10 - 13:20,889
Tuesday,13:10 - 13:20,890
Tuesday,13:10 - 13:20,891
Tuesday,13:10 - 13:20,892
Tuesday,13:10 - 13:20,893
Tuesday,13:10 - 13:20,894
Tuesday,13:10 - 13:20,895
Tuesday,13:10 - 13:20,896
Tuesday,13:10 - 13:20,897
Tuesday,13:10 - 13:20,898
Tuesday,13:10 - 13:20,899
Tuesday,13:10 - 13:20,900
Tuesday,14:20 - 14:30,901
Tuesday,14:20 - 14:30,902
Tuesday,14:20 - 14:30,903
Tuesday,14:20 - 14:30,904
Tuesday,14:20 - 14:30,905
Tuesday,14:20 - 14:30,906
Tuesday,14:20 - 14:30,907
Tuesday,14:20 - 14:30,908
Tuesday,14:20 - 14:30,909
Tuesday,14:20 - 14:30,910
Tuesday,14:20 - 14:30,911
Tuesday,14:20 - 14:30,912
Tuesday,14:20 - 14:30,913
Tuesday,14:20 - 14:30,914
Tuesday,14:30 - 14:40,915
Tuesday,14:30 - 14:40,916
Tuesday,14:30 - 14:40,917
Tuesday,14:30 - 14:40,918
Tuesday,14:30 - 14:40,919
Tuesday,14:30 - 14:40,920
Tuesday,14:30 - 14:40,921
Tuesday,14:30 - 14:40,922
Tuesday,14:30 - 14:40,923
Tuesday,14:30 - 14:40,924
Tuesday,14:30 - 14:40,925
Tuesday,14:40 - 14:50,926
Tuesday,14:40 - 14:50,927
Tuesday,14:40 - 14:50,928
Tuesday,14:40 - 14:50,929
Tuesday,14:40 - 14:50,930
Tuesday,14:40 - 14:50,931
Tuesday,14:40 - 14:50,932
Tuesday,14:40 - 14:50,933
Tuesday,14:40 - 14:50,934
Tuesday,14:50 - 15:00,935
Tuesday,14:50 - 15:00,936
Tuesday,14:50 - 15:00,937
Tuesday,14:50 - 15:00,938
Tuesday,14:50 - 15:00,939
Tuesday,14:50 - 15:00,940
Tuesday,14:50 - 15:00,941
Tuesday,14:50 - 15:00,942
Tuesday,14:50 - 15:00,943
Tuesday,14:50 - 15:00,944
Tuesday,14:50 - 15:00,945
Tuesday,14:50 - 15:00,946
Tuesday,14:50 - 15:00,947
Tuesday,14:50 - 15:00,948
Tuesday,14:50 - 15:00,949
Tuesday,14:50 - 15:00,950
Tuesday,14:50 - 15:00,951
Tuesday,14:50 - 15:00,952
Tuesday,15:00 - 15:10,953
Tuesday,15:00 - 15:10,954
Tuesday,15:00 - 15:10,955
Tuesday,15:00 - 15:10,956
Tuesday,15:00 - 15:10,957
Tuesday,15:00 - 15:10,958
Tuesday,15:00 - 15:10,959
Tuesday,15:00 - 15:10,960
Tuesday,15:00 - 15:10,961
Tuesday,15:00 - 15:10,962
Tuesday,15:00 - 15:10,963
Tuesday,15:00 - 15:10,964
Tuesday,15:10 - 15:20,965
Tuesday,15:10 - 15:20,966
Tuesday,15:10 - 15:20,967
Tuesday,15:10 - 15:20,968
Tuesday,15:10 - 15:20,969
Tuesday,15:10 - 15:20,970
Tuesday,15:10 - 15:20,971
Tuesday,15:10 - 15:20,972
Tuesday,15:10 - 15:20,973
Tuesday,15:10 - 15:20,974
Tuesday,15:10 - 15:20,975
Tuesday,15:10 - 15:20,976
Tuesday,15:10 - 15:20,977
Tuesday,15:10 - 15:20,978
Tuesday,15:10 - 15:20,979
Tuesday,15:10 - 15:20,980
Tuesday,15:10 - 15:20,981
Tuesday,15:10 - 15:20,982
Tuesday,15:20 - 15:30,983
Tuesday,15:20 - 15:30,984
Tuesday,15:20 - 15:30,985
Tuesday,15:20 - 15:30,986
Tuesday,15:20 - 15:30,987
Tuesday,15:20 - 15:30,988
Tuesday,15:20 - 15:30,989
Tuesday,15:20 - 15:30,990
Tuesday,15:20 - 15:30,991
Tuesday,15:20 - 15:30,992
Tuesday,15:20 - 15:30,993
Tuesday,15:20 - 15:30,994
Tuesday,15:20 - 15:30,995
Tuesday,15:20 - 15:30,996
Tuesday,15:20 - 15:30,997
Tuesday,15:20 - 15:30,998
Tuesday,15:20 - 15:30,999
Tuesday,15:20 - 15:30,1000
Tuesday,15:20 - 15:30,1001
Tuesday,15:20 - 15:30,1002
Tuesday,15:20 - 15:30,1003
Tuesday,15:30 - 15:40,1004
Tuesday,15:30 - 15:40,1005
Tuesday,15:30 - 15:40,1006
Tuesday,15:30 - 15:40,1007
Tuesday,15:30 - 15:40,1008
Tuesday,15:30 - 15:40,1009
Tuesday,15:30 - 15:40,1010
Tuesday,15:30 - 15:40,1011
Tuesday,15:30 - 15:40,1012
Tuesday,15:30 - 15:40,1013
Tuesday,15:30 - 15:40,1014
Tuesday,15:30 - 15:40,1015
Tuesday,15:30 - 15:40,1016
Tuesday,15:30 - 15:40,1017
Tuesday,15:30 - 15:40,1018
Tuesday,15:30 - 15:40,1019
Tuesday,15:30 - 15:40,1020
Tuesday,15:30 - 15:40,1021
Tuesday,15:30 - 15:40,1022
Tuesday,15:30 - 15:40,1023
Tuesday,15:30 - 15:40,1024
Tuesday,15:30 - 15:40,1025
Tuesday,15:30 - 15:40,1026
Tuesday,15:30 - 15:40,1027
Tuesday,17:00 - 17:10,1028
Tuesday,17:00 - 17:10,1029
Tuesday,17:00 - 17:10,1030
Tuesday,17:00 - 17:10,1031
Tuesday,17:00 - 17:10,1032
Tuesday,17:00 - 17:10,1033
Tuesday,17:00 - 17:10,1034
Tuesday,17:00 - 17:10,1035
Tuesday,17:00 - 17:10,1036
Tuesday,17:00 - 17:10,1037
Tuesday,17:00 - 17:10,1038
Tuesday,17:00 - 17:10,1039
Tuesday,17:00 - 17:10,1040
Tuesday,17:00 - 17:10,1041
Tuesday,17:00 - 17:10,1042
Tuesday,17:00 - 17:10,1043
Tuesday,17:00 - 17:10,1044
Tuesday,17:00 - 17:10,1045
Tuesday,17:00 - 17:10,1046
Tuesday,17:00 - 17:10,1047
Tuesday,17:10 - 17:20,1048
Tuesday,17:10 - 17:20,1049
Tuesday,17:10 - 17:20,1050
Tuesday,17:10 - 17:20,1051
Tuesday,17:10 - 17:20,1052
Tuesday,17:10 - 17:20,1053
Tuesday,17:10 - 17:20,1054
Tuesday,17:10 - 17:20,1055
Tuesday,17:10 - 17:20,1056
Tuesday,17:10 - 17:20,1057
Tuesday,17:10 - 17:20,1058
Tuesday,17:10 - 17:20,1059
Tuesday,17:10 - 17:20,1060
Tuesday,17:10 - 17:20,1061
Tuesday,17:20 - 17:30,1062
Tuesday,17:20 - 17:30,1063
Tuesday,17:20 - 17:30,1064
Tuesday,17:20 - 17:30,1065
Tuesday,17:20 - 17:30,1066
Tuesday,17:20 - 17:30,1067
Tuesday,17:20 - 17:30,1068
Tuesday,17:20 - 17:30,1069
Tuesday,17:20 - 17:30,1070
Tuesday,17:20 - 17:30,1071
Tuesday,17:20 - 17:30,1072
Tuesday,17:20 - 17:30,1073
Tuesday,17:20 - 17:30,1074
Tuesday,17:20 - 17:30,1075
Tuesday,17:20 - 17:30,1076
Tuesday,17:20 - 17:30,1077
Tuesday,17:20 - 17:30,1078
Tuesday,17:20 - 17:30,1079
Tuesday,17:20 - 17:30,1080
Tuesday,17:20 - 17:30,1081
Tuesday,17:30 - 17:40,1082
Tuesday,17:30 - 17:40,1083
Tuesday,17:30 - 17:40,1084
Tuesday,17:30 - 17:40,1085
Tuesday,17:30 - 17:40,1086
Tuesday,17:30 - 17:40,1087
Tuesday,17:30 - 17:40,1088
Tuesday,17:30 - 17:40,1089
Tuesday,17:30 - 17:40,1090
Tuesday,17:30 - 17:40,1091
Tuesday,17:30 - 17:40,1092
Tuesday,17:30 - 17:40,1093
Tuesday,17:30 - 17:40,1094
Tuesday,17:30 - 17:40,1095
Tuesday,17:30 - 17:40,1096
Tuesday,17:30 - 17:40,1097
Tuesday,17:30 - 17:40,1098
Tuesday,17:30 - 17:40,1099
Tuesday,17:30 - 17:40,1100
Tuesday,17:30 - 17:40,1101
Tuesday,17:30 - 17:40,1102
Tuesday,17:30 - 17:40,1103
Tuesday,17:30 - 17:40,1104
Tuesday,17:30 - 17:40,1105
Tuesday,17:30 - 17:40,1106
Tuesday,17:30 - 17:40,1107
Tuesday,17:30 - 17:40,1108
Tuesday,17:40 - 17:50,1109
Tuesday,17:40 - 17:50,1110
Tuesday,17:40 - 17:50,1111
Tuesday,17:40 - 17:50,1112
Tuesday,17:40 - 17:50,1113
Tuesday,17:40 - 17:50,1114
Tuesday,17:40 - 17:50,1115
Tuesday,17:40 - 17:50,1116
Tuesday,17:40 - 17:50,1117
Tuesday,17:40 - 17:50,1118
Tuesday,17:40 - 17:50,1119
Tuesday,17:40 - 17:50,1120
Tuesday,17:40 - 17:50,1121
Tuesday,17:40 - 17:50,1122
Tuesday,17:40 - 17:50,1123
Tuesday,17:40 - 17:50,1124
Tuesday,17:40 - 17:50,1125
Tuesday,17:40 - 17:50,1126
Tuesday,17:40 - 17:50,1127
Tuesday,17:40 - 17:50,1128
Tuesday,17:40 - 17:50,1129
Tuesday,17:40 - 17:50,1130
Tuesday,17:50 - 18:00,1131
Tuesday,17:50 - 18:00,1132
Tuesday,17:50 - 18:00,1133
Tuesday,17:50 - 18:00,1134
Tuesday,17:50 - 18:00,1135
Tuesday,17:50 - 18:00,1136
Tuesday,17:50 - 18:00,1137
Tuesday,17:50 - 18:00,1138
Tuesday,17:50 - 18:00,1139
Tuesday,17:50 - 18:00,1140
Tuesday,17:50 - 18:00,1141
Tuesday,17:50 - 18:00,1142
Tuesday,17:50 - 18:00,1143
Tuesday,17:50 - 18:00,1144
Tuesday,17:50 - 18:00,1145
Tuesday,18:00 - 18:10,1146
Tuesday,18:00 - 18:10,1147
Tuesday,18:00 - 18:10,1148
Tuesday,18:00 - 18:10,1149
Tuesday,18:00 - 18:10,1150
Tuesday,18:00 - 18:10,1151
Tuesday,18:00 - 18:10,1152
Tuesday,18:00 - 18:10,1153
Tuesday,18:00 - 18:10,1154
Tuesday,18:00 - 18:10,1155
Tuesday,18:00 - 18:10,1156
Tuesday,18:00 - 18:10,1157
Tuesday,18:00 - 18:10,1158
Tuesday,18:10 - 18:20,1159
Tuesday,18:10 - 18:20,1160
Tuesday,18:10 - 18:20,1161
Tuesday,18:10 - 18:20,1162
Tuesday,18:10 - 18:20,1163
Tuesday,18:10 - 18:20,1164
Tuesday,18:10 - 18:20,1165
Tuesday,18:10 - 18:20,1166
Tuesday,18:10 - 18:20,1167
Tuesday,18:10 - 18:20,1168
Tuesday,18:10 - 18:20,1169
Tuesday,18:10 - 18:20,1170
Tuesday,18:10 - 18:20,1171
Tuesday,18:20 - 18:30,1172
Tuesday,18:20 - 18:30,1173
Tuesday,18:20 - 18:30,1174
Tuesday,18:20 - 18:30,1175
Tuesday,18:20 - 18:30,1176
Tuesday,18:30 - 18:40,1177
Tuesday,18:30 - 18:40,1178
Tuesday,18:30 - 18:40,1179
Tuesday,18:30 - 18:40,1180
Tuesday,18:40 - 18:50,1181
Tuesday,18:40 - 18:50,1182
Wednesday,10:00 - 10:10,1183
Wednesday,10:20 - 10:30,1184
Wednesday,10:30 - 10:40,1185
Wednesday,10:30 - 10:40,1186
Wednesday,10:40 - 10:50,1187
Wednesday,10:40 - 10:50,1188
Wednesday,10:50 - 11:00,1189
Wednesday,10:50 - 11:00,1190
Wednesday,10:50 - 11:00,1191
Wednesday,10:50 - 11:00,1192
Wednesday,10:50 - 11:00,1193
Wednesday,10:50 - 11:00,1194
Wednesday,10:50 - 11:00,1195
Wednesday,11:00 - 11:10,1196
Wednesday,11:00 - 11:10,1197
Wednesday,11:00 - 11:10,1198
Wednesday,11:00 - 11:10,1199
Wednesday,11:00 - 11:10,1200
Wednesday,11:00 - 11:10,1201
Wednesday,11:00 - 11:10,1202
Wednesday,11:00 - 11:10,1203
Wednesday,11:00 - 11:10,1204
Wednesday,11:00 - 11:10,1205
Wednesday,11:00 - 11:10,1206
Wednesday,11:00 - 11:10,1207
Wednesday,11:00 - 11:10,1208
Wednesday,11:00 - 11:10,1209
Wednesday,11:00 - 11:10,1210
Wednesday,11:00 - 11:10,1211
Wednesday,11:00 - 11:10,1212
Wednesday,11:00 - 11:10,1213
Wednesday,11:00 - 11:10,1214
Wednesday,11:00 - 11:10,1215
Wednesday,11:10 - 11:20,1216
Wednesday,11:10 - 11:20,1217
Wednesday,11:10 - 11:20,1218
Wednesday,11:10 - 11:20,1219
Wednesday,11:10 - 11:20,1220
Wednesday,11:10 - 11:20,1221
Wednesday,11:10 - 11:20,1222
Wednesday,11:10 - 11:20,1223
Wednesday,11:10 - 11:20,1224
Wednesday,11:10 - 11:20,1225
Wednesday,11:10 - 11:20,1226
Wednesday,11:10 - 11:20,1227
Wednesday,11:10 - 11:20,1228
Wednesday,11:10 - 11:20,1229
Wednesday,11:10 - 11:20,1230
Wednesday,11:10 - 11:20,1231
Wednesday,11:10 - 11:20,1232
Wednesday,11:10 - 11:20,1233
Wednesday,11:10 - 11:20,1234
Wednesday,11:10 - 11:20,1235
Wednesday,11:10 - 11:20,1236
Wednesday,11:10 - 11:20,1237
Wednesday,11:10 - 11:20,1238
Wednesday,11:10 - 11:20,1239
Wednesday,11:10 - 11:20,1240
Wednesday,11:10 - 11:20,1241
Wednesday,11:10 - 11:20,1242
Wednesday,11:10 - 11:20,1243
Wednesday,11:10 - 11:20,1244
Wednesday,11:10 - 11:20,1245
Wednesday,11:10 - 11:20,1246
Wednesday,11:10 - 11:20,1247
Wednesday,11:20 - 11:30,1248
Wednesday,11:20 - 11:30,1249
Wednesday,11:20 - 11:30,1250
Wednesday,11:20 - 11:30,1251
Wednesday,11:20 - 11:30,1252
Wednesday,11:20 - 11:30,1253
Wednesday,11:20 - 11:30,1254
Wednesday,11:20 - 11:30,1255
Wednesday,11:20 - 11:30,1256
Wednesday,11:20 - 11:30,1257
Wednesday,11:20 - 11:30,1258
Wednesday,11:20 - 11:30,1259
Wednesday,11:20 - 11:30,1260
Wednesday,11:20 - 11:30,1261
Wednesday,11:20 - 11:30,1262
Wednesday,11:20 - 11:30,1263
Wednesday,11:20 - 11:30,1264
Wednesday,11:20 - 11:30,1265
Wednesday,11:20 - 11:30,1266
Wednesday,11:20 - 11:30,1267
Wednesday,11:20 - 11:30,1268
Wednesday,11:20 - 11:30,1269
Wednesday,11:20 - 11:30,1270
Wednesday,11:20 - 11:30,1271
Wednesday,11:20 - 11:30,1272
Wednesday,11:20 - 11:30,1273
Wednesday,11:20 - 11:30,1274
Wednesday,11:20 - 11:30,1275
Wednesday,11:20 - 11:30,1276
Wednesday,11:20 - 11:30,1277
Wednesday,11:20 - 11:30,1278
Wednesday,11:20 - 11:30,1279
Wednesday,11:20 - 11:30,1280
Wednesday,11:20 - 11:30,1281
Wednesday,11:20 - 11:30,1282
Wednesday,11:20 - 11:30,1283
Wednesday,11:20 - 11:30,1284
Wednesday,11:30 - 11:40,1285
Wednesday,11:30 - 11:40,1286
Wednesday,11:30 - 11:40,1287
Wednesday,11:30 - 11:40,1288
Wednesday,11:30 - 11:40,1289
Wednesday,11:30 - 11:40,1290
Wednesday,11:30 - 11:40,1291
Wednesday,11:30 - 11:40,1292
Wednesday,11:30 - 11:40,1293
Wednesday,11:30 - 11:40,1294
Wednesday,11:30 - 11:40,1295
Wednesday,11:30 - 11:40,1296
Wednesday,11:30 - 11:40,1297
Wednesday,11:30 - 11:40,1298
Wednesday,11:30 - 11:40,1299
Wednesday,11:30 - 11:40,1300
Wednesday,11:30 - 11:40,1301
Wednesday,11:30 - 11:40,1302
Wednesday,11:30 - 11:40,1303
Wednesday,11:30 - 11:40,1304
Wednesday,11:30 - 11:40,1305
Wednesday,11:30 - 11:40,1306
Wednesday,11:30 - 11:40,1307
Wednesday,11:30 - 11:40,1308
Wednesday,11:30 - 11:40,1309
Wednesday,11:30 - 11:40,1310
Wednesday,11:30 - 11:40,1311
Wednesday,11:30 - 11:40,1312
Wednesday,11:30 - 11:40,1313
Wednesday,11:30 - 11:40,1314
Wednesday,11:30 - 11:40,1315
Wednesday,11:30 - 11:40,1316
Wednesday,11:30 - 11:40,1317
Wednesday,11:30 - 11:40,1318
Wednesday,11:30 - 11:40,1319
Wednesday,11:30 - 11:40,1320
Wednesday,11:30 - 11:40,1321
Wednesday,11:30 - 11:40,1322
Wednesday,11:30 - 11:40,1323
Wednesday,11:30 - 11:40,1324
Wednesday,11:30 - 11:40,1325
Wednesday,11:40 - 11:50,1326
Wednesday,11:40 - 11:50,1327
Wednesday,11:40 - 11:50,1328
Wednesday,11:40 - 11:50,1329
Wednesday,11:40 - 11:50,1330
Wednesday,11:40 - 11:50,1331
Wednesday,11:40 - 11:50,1332
Wednesday,11:40 - 11:50,1333
Wednesday,11:40 - 11:50,1334
Wednesday,11:40 - 11:50,1335
Wednesday,11:40 - 11:50,1336
Wednesday,11:40 - 11:50,1337
Wednesday,11:40 - 11:50,1338
Wednesday,11:40 - 11:50,1339
Wednesday,11:40 - 11:50,1340
Wednesday,11:40 - 11:50,1341
Wednesday,11:40 - 11:50,1342
Wednesday,11:40 - 11:50,1343
Wednesday,11:40 - 11:50,1344
Wednesday,11:40 - 11:50,1345
Wednesday,11:40 - 11:50,1346
Wednesday,11:40 - 11:50,1347
Wednesday,11:40 - 11:50,1348
Wednesday,11:40 - 11:50,1349
Wednesday,11:40 - 11:50,1350
Wednesday,11:40 - 11:50,1351
Wednesday,11:40 - 11:50,1352
Wednesday,11:40 - 11:50,1353
Wednesday,11:40 - 11:50,1354
Wednesday,11:40 - 11:50,1355
Wednesday,11:40 - 11:50,1356
Wednesday,11:40 - 11:50,1357
Wednesday,11:40 - 11:50,1358
Wednesday,11:40 - 11:50,1359
Wednesday,11:40 - 11:50,1360
Wednesday,11:40 - 11:50,1361
Wednesday,11:40 - 11:50,1362
Wednesday,11:40 - 11:50,1363
Wednesday,11:40 - 11:50,1364
Wednesday,11:40 - 11:50,1365
Wednesday,11:40 - 11:50,1366
Wednesday,11:50 - 12:00,1367
Wednesday,11:50 - 12:00,1368
Wednesday,11:50 - 12:00,1369
Wednesday,11:50 - 12:00,1370
Wednesday,11:50 - 12:00,1371
Wednesday,11:50 - 12:00,1372
Wednesday,11:50 - 12:00,1373
Wednesday,11:50 - 12:00,1374
Wednesday,11:50 - 12:00,1375
Wednesday,11:50 - 12:00,1376
Wednesday,11:50 - 12:00,1377
Wednesday,11:50 - 12:00,1378
Wednesday,11:50 - 12:00,1379
Wednesday,11:50 - 12:00,1380
Wednesday,11:50 - 12:00,1381
Wednesday,11:50 - 12:00,1382
Wednesday,11:50 - 12:00,1383
Wednesday,11:50 - 12:00,1384
Wednesday,11:50 - 12:00,1385
Wednesday,11:50 - 12:00,1386
Wednesday,11:50 - 12:00,1387
Wednesday,11:50 - 12:00,1388
Wednesday,11:50 - 12:00,1389
Wednesday,12:00 - 12:10,1390
Wednesday,12:00 - 12:10,1391
Wednesday,12:00 - 12:10,1392
Wednesday,12:00 - 12:10,1393
Wednesday,12:00 - 12:10,1394
Wednesday,12:00 - 12:10,1395
Wednesday,12:00 - 12:10,1396
Wednesday,12:00 - 12:10,1397
Wednesday,12:00 - 12:10,1398
Wednesday,12:00 - 12:10,1399
Wednesday,12:00 - 12:10,1400
Wednesday,12:00 - 12:10,1401
Wednesday,12:00 - 12:10,1402
Wednesday,12:00 - 12:10,1403
Wednesday,12:00 - 12:10,1404
Wednesday,12:00 - 12:10,1405
Wednesday,12:00 - 12:10,1406
Wednesday,12:10 - 12:20,1407
Wednesday,12:10 - 12:20,1408
Wednesday,12:10 - 12:20,1409
Wednesday,12:10 - 12:20,1410
Wednesday,12:10 - 12:20,1411
Wednesday,12:10 - 12:20,1412
Wednesday,12:10 - 12:20,1413
Wednesday,12:10 - 12:20,1414
Wednesday,12:10 - 12:20,1415
Wednesday,12:10 - 12:20,1416
Wednesday,12:20 - 12:30,1417
Wednesday,12:20 - 12:30,1418
Wednesday,12:20 - 12:30,1419
Wednesday,12:20 - 12:30,1420
Wednesday,12:20 - 12:30,1421
Wednesday,12:20 - 12:30,1422
Wednesday,12:20 - 12:30,1423
Wednesday,12:20 - 12:30,1424
Wednesday,12:20 - 12:30,1425
Wednesday,12:20 - 12:30,1426
Wednesday,12:20 - 12:30,1427
Wednesday,12:20 - 12:30,1428
Wednesday,12:30 - 12:40,1429
Wednesday,12:30 - 12:40,1430
Wednesday,12:30 - 12:40,1431
Wednesday,12:30 - 12:40,1432
Wednesday,12:30 - 12:40,1433
Wednesday,12:30 - 12:40,1434
Wednesday,12:30 - 12:40,1435
Wednesday,12:30 - 12:40,1436
Wednesday,12:30 - 12:40,1437
Wednesday,12:30 - 12:40,1438
Wednesday,12:30 - 12:40,1439
Wednesday,12:30 - 12:40,1440
Wednesday,12:30 - 12:40,1441
Wednesday,12:30 - 12:40,1442
Wednesday,12:30 - 12:40,1443
Wednesday,12:30 - 12:40,1444
Wednesday,12:30 - 12:40,1445
Wednesday,12:30 - 12:40,1446
Wednesday,12:30 - 12:40,1447
Wednesday,12:30 - 12:40,1448
Wednesday,12:30 - 12:40,1449
Wednesday,12:40 - 12:50,1450
Wednesday,12:40 - 12:50,1451
Wednesday,12:40 - 12:50,1452
Wednesday,12:40 - 12:50,1453
Wednesday,12:40 - 12:50,1454
Wednesday,12:40 - 12:50,1455
Wednesday,12:40 - 12:50,1456
Wednesday,12:40 - 12:50,1457
Wednesday,12:40 - 12:50,1458
Wednesday,12:40 - 12:50,1459
Wednesday,12:40 - 12:50,1460
Wednesday,12:40 - 12:50,1461
Wednesday,12:40 - 12:50,1462
Wednesday,12:40 - 12:50,1463
Wednesday,12:40 - 12:50,1464
Wednesday,12:40 - 12:50,1465
Wednesday,12:40 - 12:50,1466
Wednesday,12:40 - 12:50,1467
Wednesday,12:40 - 12:50,1468
Wednesday,12:40 - 12:50,1469
Wednesday,12:40 - 12:50,1470
Wednesday,12:40 - 12:50,1471
Wednesday,12:40 - 12:50,1472
Wednesday,12:40 - 12:50,1473
Wednesday,12:40 - 12:50,1474
Wednesday,12:40 - 12:50,1475
Wednesday,12:40 - 12:50,1476
Wednesday,12:40 - 12:50,1477
Wednesday,12:40 - 12:50,1478
Wednesday,12:50 - 13:00,1479
Wednesday,12:50 - 13:00,1480
Wednesday,12:50 - 13:00,1481
Wednesday,12:50 - 13:00,1482
Wednesday,12:50 - 13:00,1483
Wednesday,12:50 - 13:00,1484
Wednesday,12:50 - 13:00,1485
Wednesday,12:50 - 13:00,1486
Wednesday,12:50 - 13:00,1487
Wednesday,12:50 - 13:00,1488
Wednesday,12:50 - 13:00,1489
Wednesday,12:50 - 13:00,1490
Wednesday,12:50 - 13:00,1491
Wednesday,12:50 - 13:00,1492
Wednesday,12:50 - 13:00,1493
Wednesday,12:50 - 13:00,1494
Wednesday,12:50 - 13:00,1495
Wednesday,12:50 - 13:00,1496
Wednesday,12:50 - 13:00,1497
Wednesday,12:50 - 13:00,1498
Wednesday,12:50 - 13:00,1499
Wednesday,12:50 - 13:00,1500
Wednesday,12:50 - 13:00,1501
Wednesday,12:50 - 13:00,1502
Wednesday,12:50 - 13:00,1503
Wednesday,12:50 - 13:00,1504
Wednesday,12:50 - 13:00,1505
Wednesday,12:50 - 13:00,1506
Wednesday,12:50 - 13:00,1507
Wednesday,12:50 - 13:00,1508
Wednesday,12:50 - 13:00,1509
Wednesday,12:50 - 13:00,1510
Wednesday,12:50 - 13:00,1511
Wednesday,12:50 - 13:00,1512
Wednesday,12:50 - 13:00,1513
Wednesday,12:50 - 13:00,1514
Wednesday,12:50 - 13:00,1515
Wednesday,12:50 - 13:00,1516
Wednesday,12:50 - 13:00,1517
Wednesday,13:00 - 13:10,1518
Wednesday,13:00 - 13:10,1519
Wednesday,13:00 - 13:10,1520
Wednesday,13:00 - 13:10,1521
Wednesday,13:00 - 13:10,1522
Wednesday,13:00 - 13:10,1523
Wednesday,13:00 - 13:10,1524
Wednesday,13:00 - 13:10,1525
Wednesday,13:00 - 13:10,1526
Wednesday,13:00 - 13:10,1527
Wednesday,13:00 - 13:10,1528
Wednesday,13:00 - 13:10,1529
Wednesday,13:00 - 13:10,1530
Wednesday,13:00 - 13:10,1531
Wednesday,13:00 - 13:10,1532
Wednesday,13:00 - 13:10,1533
Wednesday,13:00 - 13:10,1534
Wednesday,13:00 - 13:10,1535
Wednesday,13:00 - 13:10,1536
Wednesday,13:00 - 13:10,1537
Wednesday,13:00 - 13:10,1538
Wednesday,13:00 - 13:10,1539
Wednesday,13:00 - 13:10,1540
Wednesday,13:00 - 13:10,1541
Wednesday,13:00 - 13:10,1542
Wednesday,13:00 - 13:10,1543
Wednesday,13:00 - 13:10,1544
Wednesday,13:00 - 13:10,1545
Wednesday,13:00 - 13:10,1546
Wednesday,13:00 - 13:10,1547
Wednesday,13:00 - 13:10,1548
Wednesday,13:00 - 13:10,1549
Wednesday,13:00 - 13:10,1550
Wednesday,13:00 - 13:10,1551
Wednesday,13:00 - 13:10,1552
Wednesday,13:00 - 13:10,1553
Wednesday,13:00 - 13:10,1554
Wednesday,13:00 - 13:10,1555
Wednesday,13:00 - 13:10,1556
Wednesday,13:00 - 13:10,1557
Wednesday,13:00 - 13:10,1558
Wednesday,13:00 - 13:10,1559
Wednesday,13:00 - 13:10,1560
Wednesday,13:00 - 13:10,1561
Wednesday,13:00 - 13:10,1562
Wednesday,13:00 - 13:10,1563
Wednesday,13:00 - 13:10,1564
Wednesday,13:00 - 13:10,1565
Wednesday,13:00 - 13:10,1566
Wednesday,13:00 - 13:10,1567
Wednesday,13:10 - 13:20,1568
Wednesday,13:10 - 13:20,1569
Wednesday,13:10 - 13:20,1570
Wednesday,13:10 - 13:20,1571
Wednesday,13:10 - 13:20,1572
Wednesday,13:10 - 13:20,1573
Wednesday,13:10 - 13:20,1574
Wednesday,13:10 - 13:20,1575
Wednesday,13:10 - 13:20,1576
Wednesday,13:10 - 13:20,1577
Wednesday,13:10 - 13:20,1578
Wednesday,13:10 - 13:20,1579
Wednesday,13:10 - 13:20,1580
Wednesday,13:10 - 13:20,1581
Wednesday,13:10 - 13:20,1582
Wednesday,13:10 - 13:20,1583
Wednesday,13:10 - 13:20,1584
Wednesday,13:10 - 13:20,1585
Wednesday,13:10 - 13:20,1586
Wednesday,13:10 - 13:20,1587
Wednesday,13:10 - 13:20,1588
Wednesday,13:10 - 13:20,1589
Wednesday,13:10 - 13:20,1590
Wednesday,13:10 - 13:20,1591
Wednesday,13:10 - 13:20,1592
Wednesday,13:10 - 13:20,1593
Wednesday,13:10 - 13:20,1594
Wednesday,13:10 - 13:20,1595
Wednesday,13:10 - 13:20,1596
Wednesday,13:10 - 13:20,1597
Wednesday,13:10 - 13:20,1598
Wednesday,13:10 - 13:20,1599
Wednesday,13:10 - 13:20,1600
Wednesday,13:10 - 13:20,1601
Wednesday,13:10 - 13:20,1602
Wednesday,13:10 - 13:20,1603
Wednesday,13:10 - 13:20,1604
Wednesday,13:10 - 13:20,1605
Wednesday,13:10 - 13:20,1606
Wednesday,13:10 - 13:20,1607
Wednesday,13:10 - 13:20,1608
Wednesday,13:10 - 13:20,1609
Wednesday,13:10 - 13:20,1610
Wednesday,13:10 - 13:20,1611
Wednesday,13:10 - 13:20,1612
Wednesday,13:10 - 13:20,1613
Wednesday,13:10 - 13:20,1614
Wednesday,13:10 - 13:20,1615
Wednesday,13:10 - 13:20,1616
Wednesday,13:20 - 13:30,1617
Wednesday,13:20 - 13:30,1618
Wednesday,13:20 - 13:30,1619
Wednesday,13:20 - 13:30,1620
Wednesday,13:20 - 13:30,1621
Wednesday,13:20 - 13:30,1622
Wednesday,13:20 - 13:30,1623
Wednesday,13:20 - 13:30,1624
Wednesday,13:20 - 13:30,1625
Wednesday,13:20 - 13:30,1626
Wednesday,13:20 - 13:30,1627
Wednesday,13:20 - 13:30,1628
Wednesday,13:20 - 13:30,1629
Wednesday,13:20 - 13:30,1630
Wednesday,13:20 - 13:30,1631
Wednesday,13:20 - 13:30,1632
Wednesday,13:20 - 13:30,1633
Wednesday,13:20 - 13:30,1634
Wednesday,13:20 - 13:30,1635
Wednesday,13:20 - 13:30,1636
Wednesday,13:20 - 13:30,1637
Wednesday,13:20 - 13:30,1638
Wednesday,13:20 - 13:30,1639
Wednesday,13:20 - 13:30,1640
Wednesday,13:20 - 13:30,1641
Wednesday,13:20 - 13:30,1642
Wednesday,13:20 - 13:30,1643
Wednesday,13:20 - 13:30,1644
Wednesday,13:20 - 13:30,1645
Wednesday,13:20 - 13:30,1646
Wednesday,13:20 - 13:30,1647
Wednesday,13:20 - 13:30,1648
Wednesday,13:20 - 13:30,1649
Wednesday,13:20 - 13:30,1650
Wednesday,13:20 - 13:30,1651
Wednesday,13:20 - 13:30,1652
Wednesday,13:20 - 13:30,1653
Wednesday,13:20 - 13:30,1654
Wednesday,13:20 - 13:30,1655
Wednesday,13:20 - 13:30,1656
Wednesday,13:20 - 13:30,1657
Wednesday,13:20 - 13:30,1658
Wednesday,13:20 - 13:30,1659
Wednesday,13:20 - 13:30,1660
Wednesday,13:20 - 13:30,1661
Wednesday,13:20 - 13:30,1662
Wednesday,13:20 - 13:30,1663
Wednesday,13:20 - 13:30,1664
Wednesday,13:20 - 13:30,1665
Wednesday,13:20 - 13:30,1666
Wednesday,13:20 - 13:30,1667
Wednesday,13:20 - 13:30,1668
Wednesday,13:30 - 13:40,1669
Wednesday,13:30 - 13:40,1670
Wednesday,13:30 - 13:40,1671
Wednesday,13:30 - 13:40,1672
Wednesday,13:30 - 13:40,1673
Wednesday,13:30 - 13:40,1674
Wednesday,13:30 - 13:40,1675
Wednesday,13:30 - 13:40,1676
Wednesday,13:30 - 13:40,1677
Wednesday,13:30 - 13:40,1678
Wednesday,13:30 - 13:40,1679
Wednesday,13:30 - 13:40,1680
Wednesday,13:30 - 13:40,1681
Wednesday,13:30 - 13:40,1682
Wednesday,13:30 - 13:40,1683
Wednesday,13:30 - 13:40,1684
Wednesday,13:30 - 13:40,1685
Wednesday,13:30 - 13:40,1686
Wednesday,13:30 - 13:40,1687
Wednesday,13:30 - 13:40,1688
Wednesday,13:30 - 13:40,1689
Wednesday,13:30 - 13:40,1690
Wednesday,13:30 - 13:40,1691
Wednesday,13:30 - 13:40,1692
Wednesday,13:30 - 13:40,1693
Wednesday,13:30 - 13:40,1694
Wednesday,13:30 - 13:40,1695
Wednesday,13:30 - 13:40,1696
Wednesday,13:30 - 13:40,1697
Wednesday,13:30 - 13:40,1698
Wednesday,13:30 - 13:40,1699
Wednesday,13:30 - 13:40,1700
Wednesday,13:30 - 13:40,1701
Wednesday,13:30 - 13:40,1702
Wednesday,13:30 - 13:40,1703
Wednesday,13:30 - 13:40,1704
Wednesday,13:30 - 13:40,1705
Wednesday,13:30 - 13:40,1706
Wednesday,13:30 - 13:40,1707
Wednesday,13:30 - 13:40,1708
Wednesday,13:30 - 13:40,1709
Wednesday,13:30 - 13:40,1710
Wednesday,13:30 - 13:40,1711
Wednesday,13:30 - 13:40,1712
Wednesday,13:40 - 13:50,1713
Wednesday,13:40 - 13:50,1714
Wednesday,13:40 - 13:50,1715
Wednesday,13:40 - 13:50,1716
Wednesday,13:40 - 13:50,1717
Wednesday,13:40 - 13:50,1718
Wednesday,13:40 - 13:50,1719
Wednesday,13:40 - 13:50,1720
Wednesday,13:40 - 13:50,1721
Wednesday,13:40 - 13:50,1722
Wednesday,13:40 - 13:50,1723
Wednesday,13:40 - 13:50,1724
Wednesday,13:40 - 13:50,1725
Wednesday,13:40 - 13:50,1726
Wednesday,13:40 - 13:50,1727
Wednesday,13:40 - 13:50,1728
Wednesday,13:40 - 13:50,1729
Wednesday,13:40 - 13:50,1730
Wednesday,13:40 - 13:50,1731
Wednesday,13:40 - 13:50,1732
Wednesday,13:40 - 13:50,1733
Wednesday,13:40 - 13:50,1734
Wednesday,13:40 - 13:50,1735
Wednesday,13:40 - 13:50,1736
Wednesday,13:40 - 13:50,1737
Wednesday,13:40 - 13:50,1738
Wednesday,13:40 - 13:50,1739
Wednesday,13:40 - 13:50,1740
Wednesday,13:40 - 13:50,1741
Wednesday,13:40 - 13:50,1742
Wednesday,13:40 - 13:50,1743
Wednesday,13:40 - 13:50,1744
Wednesday,13:40 - 13:50,1745
Wednesday,13:40 - 13:50,1746
Wednesday,13:40 - 13:50,1747
Wednesday,13:40 - 13:50,1748
Wednesday,13:40 - 13:50,1749
Wednesday,13:40 - 13:50,1750
Wednesday,13:40 - 13:50,1751
Wednesday,13:40 - 13:50,1752
Wednesday,13:40 - 13:50,1753
Wednesday,14:50 - 15:00,1754
Wednesday,14:50 - 15:00,1755
Wednesday,14:50 - 15:00,1756
Wednesday,14:50 - 15:00,1757
Wednesday,14:50 - 15:00,1758
Wednesday,14:50 - 15:00,1759
Wednesday,14:50 - 15:00,1760
Wednesday,14:50 - 15:00,1761
Wednesday,15:00 - 15:10,1762
Wednesday,15:00 - 15:10,1763
Wednesday,15:00 - 15:10,1764
Wednesday,15:00 - 15:10,1765
Wednesday,15:00 - 15:10,1766
Wednesday,15:00 - 15:10,1767
Wednesday,15:00 - 15:10,1768
Wednesday,15:00 - 15:10,1769
Wednesday,15:00 - 15:10,1770
Wednesday,15:00 - 15:10,1771
Wednesday,15:00 - 15:10,1772
Wednesday,15:00 - 15:10,1773
Wednesday,15:00 - 15:10,1774
Wednesday,15:00 - 15:10,1775
Wednesday,15:00 - 15:10,1776
Wednesday,15:00 - 15:10,1777
Wednesday,15:00 - 15:10,1778
Wednesday,15:00 - 15:10,1779
Wednesday,15:00 - 15:10,1780
Wednesday,15:10 - 15:20,1781
Wednesday,15:10 - 15:20,1782
Wednesday,15:10 - 15:20,1783
Wednesday,15:10 - 15:20,1784
Wednesday,15:10 - 15:20,1785
Wednesday,15:10 - 15:20,1786
Wednesday,15:10 - 15:20,1787
Wednesday,15:10 - 15:20,1788
Wednesday,15:10 - 15:20,1789
Wednesday,15:10 - 15:20,1790
Wednesday,15:10 - 15:20,1791
Wednesday,15:10 - 15:20,1792
Wednesday,15:10 - 15:20,1793
Wednesday,15:10 - 15:20,1794
Wednesday,15:10 - 15:20,1795
Wednesday,15:10 - 15:20,1796
Wednesday,15:10 - 15:20,1797
Wednesday,15:10 - 15:20,1798
Wednesday,15:10 - 15:20,1799
Wednesday,15:10 - 15:20,1800
Wednesday,15:10 - 15:20,1801
Wednesday,15:10 - 15:20,1802
Wednesday,15:20 - 15:30,1803
Wednesday,15:20 - 15:30,1804
Wednesday,15:20 - 15:30,1805
Wednesday,15:20 - 15:30,1806
Wednesday,15:20 - 15:30,1807
Wednesday,15:20 - 15:30,1808
Wednesday,15:20 - 15:30,1809
Wednesday,15:20 - 15:30,1810
Wednesday,15:20 - 15:30,1811
Wednesday,15:20 - 15:30,1812
Wednesday,15:20 - 15:30,1813
Wednesday,15:20 - 15:30,1814
Wednesday,15:20 - 15:30,1815
Wednesday,15:20 - 15:30,1816
Wednesday,15:20 - 15:30,1817
Wednesday,15:20 - 15:30,1818
Wednesday,15:20 - 15:30,1819
Wednesday,15:20 - 15:30,1820
Wednesday,15:20 - 15:30,1821
Wednesday,15:20 - 15:30,1822
Wednesday,15:20 - 15:30,1823
Wednesday,15:20 - 15:30,1824
Wednesday,15:20 - 15:30,1825
Wednesday,15:20 - 15:30,1826
Wednesday,15:20 - 15:30,1827
Wednesday,15:20 - 15:30,1828
Wednesday,15:30 - 15:40,1829
Wednesday,15:30 - 15:40,1830
Wednesday,15:30 - 15:40,1831
Wednesday,15:30 - 15:40,1832
Wednesday,15:30 - 15:40,1833
Wednesday,15:30 - 15:40,1834
Wednesday,15:30 - 15:40,1835
Wednesday,15:30 - 15:40,1836
Wednesday,15:30 - 15:40,1837
Wednesday,15:30 - 15:40,1838
Wednesday,15:30 - 15:40,1839
Wednesday,15:30 - 15:40,1840
Wednesday,15:30 - 15:40,1841
Wednesday,15:30 - 15:40,1842
Wednesday,15:30 - 15:40,1843
Wednesday,15:30 - 15:40,1844
Wednesday,15:30 - 15:40,1845
Wednesday,15:30 - 15:40,1846
Wednesday,15:30 - 15:40,1847
Wednesday,15:30 - 15:40,1848
Wednesday,15:30 - 15:40,1849
Wednesday,15:30 - 15:40,1850
Wednesday,15:30 - 15:40,1851
Wednesday,15:30 - 15:40,1852
Wednesday,15:30 - 15:40,1853
Wednesday,15:30 - 15:40,1854
Wednesday,15:30 - 15:40,1855
Wednesday,15:30 - 15:40,1856
Wednesday,15:30 - 15:40,1857
Wednesday,15:30 - 15:40,1858
Wednesday,15:40 - 15:50,1859
Wednesday,15:40 - 15:50,1860
Wednesday,15:40 - 15:50,1861
Wednesday,15:40 - 15:50,1862
Wednesday,15:40 - 15:50,1863
Wednesday,15:40 - 15:50,1864
Wednesday,15:40 - 15:50,1865
Wednesday,15:40 - 15:50,1866
Wednesday,15:40 - 15:50,1867
Wednesday,15:40 - 15:50,1868
Wednesday,15:40 - 15:50,1869
Wednesday,15:40 - 15:50,1870
Wednesday,15:40 - 15:50,1871
Wednesday,15:40 - 15:50,1872
Wednesday,15:40 - 15:50,1873
Wednesday,15:40 - 15:50,1874
Wednesday,15:40 - 15:50,1875
Wednesday,15:40 - 15:50,1876
Wednesday,15:40 - 15:50,1877
Wednesday,15:40 - 15:50,1878
Wednesday,15:40 - 15:50,1879
Wednesday,15:40 - 15:50,1880
Wednesday,15:40 - 15:50,1881
Wednesday,15:40 - 15:50,1882
Wednesday,15:40 - 15:50,1883
Wednesday,15:40 - 15:50,1884
Wednesday,15:40 - 15:50,1885
Wednesday,15:40 - 15:50,1886
Wednesday,15:40 - 15:50,1887
Wednesday,15:50 - 16:00,1888
Wednesday,15:50 - 16:00,1889
Wednesday,15:50 - 16:00,1890
Wednesday,15:50 - 16:00,1891
Wednesday,15:50 - 16:00,1892
Wednesday,15:50 - 16:00,1893
Wednesday,15:50 - 16:00,1894
Wednesday,15:50 - 16:00,1895
Wednesday,15:50 - 16:00,1896
Wednesday,15:50 - 16:00,1897
Wednesday,15:50 - 16:00,1898
Wednesday,15:50 - 16:00,1899
Wednesday,15:50 - 16:00,1900
Wednesday,15:50 - 16:00,1901
Wednesday,15:50 - 16:00,1902
Wednesday,15:50 - 16:00,1903
Wednesday,15:50 - 16:00,1904
Wednesday,15:50 - 16:00,1905
Wednesday,15:50 - 16:00,1906
Wednesday,15:50 - 16:00,1907
Wednesday,15:50 - 16:00,1908
Wednesday,15:50 - 16:00,1909
Wednesday,15:50 - 16:00,1910
Wednesday,15:50 - 16:00,1911
Wednesday,15:50 - 16:00,1912
Wednesday,16:00 - 16:10,1913
Wednesday,16:00 - 16:10,1914
Wednesday,16:00 - 16:10,1915
Wednesday,16:00 - 16:10,1916
Wednesday,16:00 - 16:10,1917
Wednesday,16:00 - 16:10,1918
Wednesday,16:00 - 16:10,1919
Wednesday,16:00 - 16:10,1920
Wednesday,16:00 - 16:10,1921
Wednesday,16:00 - 16:10,1922
Wednesday,16:00 - 16:10,1923
Wednesday,16:00 - 16:10,1924
Wednesday,16:00 - 16:10,1925
Wednesday,16:00 - 16:10,1926
Wednesday,16:00 - 16:10,1927
Wednesday,16:00 - 16:10,1928
Wednesday,16:00 - 16:10,1929
Wednesday,16:00 - 16:10,1930
Wednesday,16:00 - 16:10,1931
Wednesday,16:00 - 16:10,1932
Wednesday,16:00 - 16:10,1933
Wednesday,16:00 - 16:10,1934
Wednesday,16:00 - 16:10,1935
Wednesday,16:00 - 16:10,1936
Wednesday,16:00 - 16:10,1937
Wednesday,16:00 - 16:10,1938
Wednesday,16:00 - 16:10,1939
Wednesday,16:00 - 16:10,1940
Wednesday,16:10 - 16:20,1941
Wednesday,16:10 - 16:20,1942
Wednesday,16:10 - 16:20,1943
Wednesday,16:10 - 16:20,1944
Wednesday,16:10 - 16:20,1945
Wednesday,16:10 - 16:20,1946
Wednesday,16:10 - 16:20,1947
Wednesday,16:10 - 16:20,1948
Wednesday,16:10 - 16:20,1949
Wednesday,16:10 - 16:20,1950
Wednesday,16:10 - 16:20,1951
Wednesday,16:10 - 16:20,1952
Wednesday,16:10 - 16:20,1953
Wednesday,16:10 - 16:20,1954
Wednesday,16:10 - 16:20,1955
Wednesday,16:10 - 16:20,1956
Wednesday,16:10 - 16:20,1957
Wednesday,16:10 - 16:20,1958
Wednesday,16:10 - 16:20,1959
Wednesday,16:10 - 16:20,1960
Wednesday,16:10 - 16:20,1961
Wednesday,16:10 - 16:20,1962
Wednesday,17:30 - 17:40,1963
Wednesday,17:30 - 17:40,1964
Wednesday,17:30 - 17:40,1965
Wednesday,17:30 - 17:40,1966
Wednesday,17:30 - 17:40,1967
Wednesday,17:30 - 17:40,1968
Wednesday,17:30 - 17:40,1969
Wednesday,17:30 - 17:40,1970
Wednesday,17:30 - 17:40,1971
Wednesday,17:30 - 17:40,1972
Wednesday,17:30 - 17:40,1973
Wednesday,17:30 - 17:40,1974
Wednesday,17:30 - 17:40,1975
Wednesday,17:30 - 17:40,1976
Wednesday,17:30 - 17:40,1977
Wednesday,17:30 - 17:40,1978
Wednesday,17:30 - 17:40,1979
Wednesday,17:30 - 17:40,1980
Wednesday,17:30 - 17:40,1981
Wednesday,17:30 - 17:40,1982
Wednesday,17:30 - 17:40,1983
Wednesday,17:40 - 17:50,1984
Wednesday,17:40 - 17:50,1985
Wednesday,17:40 - 17:50,1986
Wednesday,17:40 - 17:50,1987
Wednesday,17:40 - 17:50,1988
Wednesday,17:40 - 17:50,1989
Wednesday,17:40 - 17:50,1990
Wednesday,17:40 - 17:50,1991
Wednesday,17:40 - 17:50,1992
Wednesday,17:40 - 17:50,1993
Wednesday,17:40 - 17:50,1994
Wednesday,17:40 - 17:50,1995
Wednesday,17:40 - 17:50,1996
Wednesday,17:40 - 17:50,1997
Wednesday,17:40 - 17:50,1998
Wednesday,17:40 - 17:50,1999
Wednesday,17:40 - 17:50,2000
Wednesday,17:40 - 17:50,2001
Wednesday,17:40 - 17:50,2002
Wednesday,17:50 - 18:00,2003
Wednesday,17:50 - 18:00,2004
Wednesday,17:50 - 18:00,2005
Wednesday,17:50 - 18:00,2006
Wednesday,17:50 - 18:00,2007
Wednesday,17:50 - 18:00,2008
Wednesday,17:50 - 18:00,2009
Wednesday,17:50 - 18:00,2010
Wednesday,17:50 - 18:00,2011
Wednesday,17:50 - 18:00,2012
Wednesday,17:50 - 18:00,2013
Wednesday,17:50 - 18:00,2014
Wednesday,17:50 - 18:00,2015
Wednesday,18:00 - 18:10,2016
Wednesday,18:00 - 18:10,2017
Wednesday,18:00 - 18:10,2018
Wednesday,18:00 - 18:10,2019
Wednesday,18:00 - 18:10,2020
Wednesday,18:00 - 18:10,2021
Wednesday,18:00 - 18:10,2022
Wednesday,18:00 - 18:10,2023
Wednesday,18:00 - 18:10,2024
Wednesday,18:10 - 18:20,2025
Wednesday,18:10 - 18:20,2026
Wednesday,18:10 - 18:20,2027
Wednesday,18:10 - 18:20,2028
Wednesday,18:10 - 18:20,2029
Wednesday,18:10 - 18:20,2030
Wednesday,18:10 - 18:20,2031
Wednesday,18:10 - 18:20,2032
Wednesday,18:20 - 18:30,2033
Wednesday,18:20 - 18:30,2034
Thursday,10:20 - 10:30,2035
Thursday,10:30 - 10:40,2036
Thursday,10:40 - 10:50,2037
Thursday,10:40 - 10:50,2038
Thursday,10:40 - 10:50,2039
Thursday,10:40 - 10:50,2040
Thursday,10:40 - 10:50,2041
Thursday,10:50 - 11:00,2042
Thursday,10:50 - 11:00,2043
Thursday,10:50 - 11:00,2044
Thursday,10:50 - 11:00,2045
Thursday,10:50 - 11:00,2046
Thursday,10:50 - 11:00,2047
Thursday,10:50 - 11:00,2048
Thursday,10:50 - 11:00,2049
Thursday,11:00 - 11:10,2050
Thursday,11:00 - 11:10,2051
Thursday,11:00 - 11:10,2052
Thursday,11:00 - 11:10,2053
Thursday,11:00 - 11:10,2054
Thursday,11:00 - 11:10,2055
Thursday,11:00 - 11:10,2056
Thursday,11:00 - 11:10,2057
Thursday,11:00 - 11:10,2058
Thursday,11:00 - 11:10,2059
Thursday,11:00 - 11:10,2060
Thursday,11:00 - 11:10,2061
Thursday,11:00 - 11:10,2062
Thursday,11:00 - 11:10,2063
Thursday,11:00 - 11:10,2064
Thursday,11:00 - 11:10,2065
Thursday,11:00 - 11:10,2066
Thursday,11:00 - 11:10,2067
Thursday,11:00 - 11:10,2068
Thursday,11:00 - 11:10,2069
Thursday,11:00 - 11:10,2070
Thursday,11:00 - 11:10,2071
Thursday,11:00 - 11:10,2072
Thursday,11:00 - 11:10,2073
Thursday,11:00 - 11:10,2074
Thursday,11:00 - 11:10,2075
Thursday,11:10 - 11:20,2076
Thursday,11:10 - 11:20,2077
Thursday,11:10 - 11:20,2078
Thursday,11:10 - 11:20,2079
Thursday,11:10 - 11:20,2080
Thursday,11:10 - 11:20,2081
Thursday,11:10 - 11:20,2082
Thursday,11:10 - 11:20,2083
Thursday,11:10 - 11:20,2084
Thursday,11:10 - 11:20,2085
Thursday,11:10 - 11:20,2086
Thursday,11:10 - 11:20,2087
Thursday,11:10 - 11:20,2088
Thursday,11:10 - 11:20,2089
Thursday,11:10 - 11:20,2090
Thursday,11:10 - 11:20,2091
Thursday,11:10 - 11:20,2092
Thursday,11:10 - 11:20,2093
Thursday,11:10 - 11:20,2094
Thursday,11:10 - 11:20,2095
Thursday,11:10 - 11:20,2096
Thursday,11:10 - 11:20,2097
Thursday,11:10 - 11:20,2098
Thursday,11:10 - 11:20,2099
Thursday,11:10 - 11:20,2100
Thursday,11:10 - 11:20,2101
Thursday,11:10 - 11:20,2102
Thursday,11:10 - 11:20,2103
Thursday,11:10 - 11:20,2104
Thursday,11:10 - 11:20,2105
Thursday,11:10 - 11:20,2106
Thursday,11:10 - 11:20,2107
Thursday,11:10 - 11:20,2108
Thursday,11:10 - 11:20,2109
Thursday,11:10 - 11:20,2110
Thursday,11:10 - 11:20,2111
Thursday,11:10 - 11:20,2112
Thursday,11:10 - 11:20,2113
Thursday,11:10 - 11:20,2114
Thursday,11:10 - 11:20,2115
Thursday,11:20 - 11:30,2116
Thursday,11:20 - 11:30,2117
Thursday,11:20 - 11:30,2118
Thursday,11:20 - 11:30,2119
Thursday,11:20 - 11:30,2120
Thursday,11:20 - 11:30,2121
Thursday,11:20 - 11:30,2122
Thursday,11:20 - 11:30,2123
Thursday,11:20 - 11:30,2124
Thursday,11:20 - 11:30,2125
Thursday,11:20 - 11:30,2126
Thursday,11:20 - 11:30,2127
Thursday,11:20 - 11:30,2128
Thursday,11:20 - 11:30,2129
Thursday,11:20 - 11:30,2130
Thursday,11:20 - 11:30,2131
Thursday,11:20 - 11:30,2132
Thursday,11:20 - 11:30,2133
Thursday,11:20 - 11:30,2134
Thursday,11:20 - 11:30,2135
Thursday,11:20 - 11:30,2136
Thursday,11:20 - 11:30,2137
Thursday,11:20 - 11:30,2138
Thursday,11:20 - 11:30,2139
Thursday,11:20 - 11:30,2140
Thursday,11:20 - 11:30,2141
Thursday,11:20 - 11:30,2142
Thursday,11:20 - 11:30,2143
Thursday,11:20 - 11:30,2144
Thursday,11:20 - 11:30,2145
Thursday,11:20 - 11:30,2146
Thursday,11:20 - 11:30,2147
Thursday,11:20 - 11:30,2148
Thursday,11:20 - 11:30,2149
Thursday,11:20 - 11:30,2150
Thursday,11:20 - 11:30,2151
Thursday,11:20 - 11:30,2152
Thursday,11:20 - 11:30,2153
Thursday,11:20 - 11:30,2154
Thursday,11:20 - 11:30,2155
Thursday,11:20 - 11:30,2156
Thursday,11:30 - 11:40,2157
Thursday,11:30 - 11:40,2158
Thursday,11:30 - 11:40,2159
Thursday,11:30 - 11:40,2160
Thursday,11:30 - 11:40,2161
Thursday,11:30 - 11:40,2162
Thursday,11:30 - 11:40,2163
Thursday,11:30 - 11:40,2164
Thursday,11:30 - 11:40,2165
Thursday,11:30 - 11:40,2166
Thursday,11:30 - 11:40,2167
Thursday,11:30 - 11:40,2168
Thursday,11:30 - 11:40,2169
Thursday,11:30 - 11:40,2170
Thursday,11:30 - 11:40,2171
Thursday,11:30 - 11:40,2172
Thursday,11:30 - 11:40,2173
Thursday,11:30 - 11:40,2174
Thursday,11:30 - 11:40,2175
Thursday,11:30 - 11:40,2176
Thursday,11:30 - 11:40,2177
Thursday,11:30 - 11:40,2178
Thursday,11:30 - 11:40,2179
Thursday,11:30 - 11:40,2180
Thursday,11:30 - 11:40,2181
Thursday,11:30 - 11:40,2182
Thursday,11:30 - 11:40,2183
Thursday,11:30 - 11:40,2184
Thursday,11:30 - 11:40,2185
Thursday,11:30 - 11:40,2186
Thursday,11:30 - 11:40,2187
Thursday,11:30 - 11:40,2188
Thursday,11:30 - 11:40,2189
Thursday,11:30 - 11:40,2190
Thursday,11:30 - 11:40,2191
Thursday,11:30 - 11:40,2192
Thursday,11:30 - 11:40,2193
Thursday,11:30 - 11:40,2194
Thursday,11:30 - 11:40,2195
Thursday,11:30 - 11:40,2196
Thursday,11:30 - 11:40,2197
Thursday,11:30 - 11:40,2198
Thursday,11:30 - 11:40,2199
Thursday,11:30 - 11:40,2200
Thursday,11:30 - 11:40,2201
Thursday,11:30 - 11:40,2202
Thursday,11:30 - 11:40,2203
Thursday,11:30 - 11:40,2204
Thursday,11:40 - 11:50,2205
Thursday,11:40 - 11:50,2206
Thursday,11:40 - 11:50,2207
Thursday,11:40 - 11:50,2208
Thursday,11:40 - 11:50,2209
Thursday,11:40 - 11:50,2210
Thursday,11:40 - 11:50,2211
Thursday,11:40 - 11:50,2212
Thursday,11:40 - 11:50,2213
Thursday,11:40 - 11:50,2214
Thursday,11:40 - 11:50,2215
Thursday,11:40 - 11:50,2216
Thursday,11:40 - 11:50,2217
Thursday,11:40 - 11:50,2218
Thursday,11:40 - 11:50,2219
Thursday,11:40 - 11:50,2220
Thursday,11:40 - 11:50,2221
Thursday,11:40 - 11:50,2222
Thursday,11:40 - 11:50,2223
Thursday,11:40 - 11:50,2224
Thursday,11:40 - 11:50,2225
Thursday,11:40 - 11:50,2226
Thursday,11:40 - 11:50,2227
Thursday,11:40 - 11:50,2228
Thursday,11:40 - 11:50,2229
Thursday,11:40 - 11:50,2230
Thursday,11:40 - 11:50,2231
Thursday,11:40 - 11:50,2232
Thursday,11:40 - 11:50,2233
Thursday,11:40 - 11:50,2234
Thursday,11:40 - 11:50,2235
Thursday,11:40 - 11:50,2236
Thursday,11:40 - 11:50,2237
Thursday,11:40 - 11:50,2238
Thursday,11:40 - 11:50,2239
Thursday,11:40 - 11:50,2240
Thursday,11:40 - 11:50,2241
Thursday,11:40 - 11:50,2242
Thursday,11:50 - 12:00,2243
Thursday,11:50 - 12:00,2244
Thursday,11:50 - 12:00,2245
Thursday,11:50 - 12:00,2246
Thursday,11:50 - 12:00,2247
Thursday,11:50 - 12:00,2248
Thursday,11:50 - 12:00,2249
Thursday,11:50 - 12:00,2250
Thursday,11:50 - 12:00,2251
Thursday,11:50 - 12:00,2252
Thursday,11:50 - 12:00,2253
Thursday,11:50 - 12:00,2254
Thursday,11:50 - 12:00,2255
Thursday,11:50 - 12:00,2256
Thursday,11:50 - 12:00,2257
Thursday,11:50 - 12:00,2258
Thursday,11:50 - 12:00,2259
Thursday,11:50 - 12:00,2260
Thursday,11:50 - 12:00,2261
Thursday,11:50 - 12:00,2262
Thursday,11:50 - 12:00,2263
Thursday,11:50 - 12:00,2264
Thursday,11:50 - 12:00,2265
Thursday,11:50 - 12:00,2266
Thursday,11:50 - 12:00,2267
Thursday,11:50 - 12:00,2268
Thursday,11:50 - 12:00,2269
Thursday,11:50 - 12:00,2270
Thursday,11:50 - 12:00,2271
Thursday,12:00 - 12:10,2272
Thursday,12:00 - 12:10,2273
Thursday,12:00 - 12:10,2274
Thursday,12:00 - 12:10,2275
Thursday,12:00 - 12:10,2276
Thursday,12:00 - 12:10,2277
Thursday,12:00 - 12:10,2278
Thursday,12:00 - 12:10,2279
Thursday,12:00 - 12:10,2280
Thursday,12:00 - 12:10,2281
Thursday,12:00 - 12:10,2282
Thursday,12:00 - 12:10,2283
Thursday,12:00 - 12:10,2284
Thursday,12:10 - 12:20,2285
Thursday,12:10 - 12:20,2286
Thursday,12:10 - 12:20,2287
Thursday,12:10 - 12:20,2288
Thursday,12:10 - 12:20,2289
Thursday,12:10 - 12:20,2290
Thursday,12:10 - 12:20,2291
Thursday,12:10 - 12:20,2292
Thursday,12:10 - 12:20,2293
Thursday,12:10 - 12:20,2294
Thursday,12:10 - 12:20,2295
Thursday,12:10 - 12:20,2296
Thursday,12:10 - 12:20,2297
Thursday,12:10 - 12:20,2298
Thursday,12:10 - 12:20,2299
Thursday,12:10 - 12:20,2300
Thursday,12:20 - 12:30,2301
Thursday,12:20 - 12:30,2302
Thursday,12:20 - 12:30,2303
Thursday,12:20 - 12:30,2304
Thursday,12:20 - 12:30,2305
Thursday,12:20 - 12:30,2306
Thursday,12:20 - 12:30,2307
Thursday,12:20 - 12:30,2308
Thursday,12:20 - 12:30,2309
Thursday,12:20 - 12:30,2310
Thursday,12:20 - 12:30,2311
Thursday,12:20 - 12:30,2312
Thursday,12:20 - 12:30,2313
Thursday,12:20 - 12:30,2314
Thursday,12:20 - 12:30,2315
Thursday,12:20 - 12:30,2316
Thursday,12:20 - 12:30,2317
Thursday,12:20 - 12:30,2318
Thursday,12:20 - 12:30,2319
Thursday,12:20 - 12:30,2320
Thursday,12:20 - 12:30,2321
Thursday,12:20 - 12:30,2322
Thursday,12:30 - 12:40,2323
Thursday,12:30 - 12:40,2324
Thursday,12:30 - 12:40,2325
Thursday,12:30 - 12:40,2326
Thursday,12:30 - 12:40,2327
Thursday,12:30 - 12:40,2328
Thursday,12:30 - 12:40,2329
Thursday,12:30 - 12:40,2330
Thursday,12:30 - 12:40,2331
Thursday,12:30 - 12:40,2332
Thursday,12:30 - 12:40,2333
Thursday,12:30 - 12:40,2334
Thursday,12:30 - 12:40,2335
Thursday,12:30 - 12:40,2336
Thursday,12:30 - 12:40,2337
Thursday,12:30 - 12:40,2338
Thursday,12:30 - 12:40,2339
Thursday,12:30 - 12:40,2340
Thursday,12:40 - 12:50,2341
Thursday,12:40 - 12:50,2342
Thursday,12:40 - 12:50,2343
Thursday,12:40 - 12:50,2344
Thursday,12:40 - 12:50,2345
Thursday,12:40 - 12:50,2346
Thursday,12:40 - 12:50,2347
Thursday,12:40 - 12:50,2348
Thursday,12:40 - 12:50,2349
Thursday,12:40 - 12:50,2350
Thursday,12:40 - 12:50,2351
Thursday,12:40 - 12:50,2352
Thursday,12:40 - 12:50,2353
Thursday,12:40 - 12:50,2354
Thursday,12:40 - 12:50,2355
Thursday,12:40 - 12:50,2356
Thursday,12:40 - 12:50,2357
Thursday,12:40 - 12:50,2358
Thursday,12:40 - 12:50,2359
Thursday,12:40 - 12:50,2360
Thursday,12:40 - 12:50,2361
Thursday,12:40 - 12:50,2362
Thursday,12:40 - 12:50,2363
Thursday,12:40 - 12:50,2364
Thursday,12:40 - 12:50,2365
Thursday,12:40 - 12:50,2366
Thursday,12:40 - 12:50,2367
Thursday,12:40 - 12:50,2368
Thursday,12:40 - 12:50,2369
Thursday,12:40 - 12:50,2370
Thursday,12:50 - 13:00,2371
Thursday,12:50 - 13:00,2372
Thursday,12:50 - 13:00,2373
Thursday,12:50 - 13:00,2374
Thursday,12:50 - 13:00,2375
Thursday,12:50 - 13:00,2376
Thursday,12:50 - 13:00,2377
Thursday,12:50 - 13:00,2378
Thursday,12:50 - 13:00,2379
Thursday,12:50 - 13:00,2380
Thursday,12:50 - 13:00,2381
Thursday,12:50 - 13:00,2382
Thursday,12:50 - 13:00,2383
Thursday,12:50 - 13:00,2384
Thursday,12:50 - 13:00,2385
Thursday,12:50 - 13:00,2386
Thursday,12:50 - 13:00,2387
Thursday,12:50 - 13:00,2388
Thursday,12:50 - 13:00,2389
Thursday,12:50 - 13:00,2390
Thursday,12:50 - 13:00,2391
Thursday,12:50 - 13:00,2392
Thursday,12:50 - 13:00,2393
Thursday,12:50 - 13:00,2394
Thursday,12:50 - 13:00,2395
Thursday,12:50 - 13:00,2396
Thursday,12:50 - 13:00,2397
Thursday,12:50 - 13:00,2398
Thursday,12:50 - 13:00,2399
Thursday,12:50 - 13:00,2400
Thursday,12:50 - 13:00,2401
Thursday,12:50 - 13:00,2402
Thursday,12:50 - 13:00,2403
Thursday,12:50 - 13:00,2404
Thursday,13:00 - 13:10,2405
Thursday,13:00 - 13:10,2406
Thursday,13:00 - 13:10,2407
Thursday,13:00 - 13:10,2408
Thursday,13:00 - 13:10,2409
Thursday,13:00 - 13:10,2410
Thursday,13:00 - 13:10,2411
Thursday,13:00 - 13:10,2412
Thursday,13:00 - 13:10,2413
Thursday,13:00 - 13:10,2414
Thursday,13:00 - 13:10,2415
Thursday,13:00 - 13:10,2416
Thursday,13:00 - 13:10,2417
Thursday,13:00 - 13:10,2418
Thursday,13:00 - 13:10,2419
Thursday,13:00 - 13:10,2420
Thursday,13:00 - 13:10,2421
Thursday,13:00 - 13:10,2422
Thursday,13:00 - 13:10,2423
Thursday,13:00 - 13:10,2424
Thursday,13:00 - 13:10,2425
Thursday,13:00 - 13:10,2426
Thursday,13:00 - 13:10,2427
Thursday,13:00 - 13:10,2428
Thursday,13:00 - 13:10,2429
Thursday,13:00 - 13:10,2430
Thursday,13:00 - 13:10,2431
Thursday,13:00 - 13:10,2432
Thursday,13:00 - 13:10,2433
Thursday,13:00 - 13:10,2434
Thursday,13:00 - 13:10,2435
Thursday,13:00 - 13:10,2436
Thursday,13:00 - 13:10,2437
Thursday,13:00 - 13:10,2438
Thursday,13:00 - 13:10,2439
Thursday,13:00 - 13:10,2440
Thursday,13:00 - 13:10,2441
Thursday,13:00 - 13:10,2442
Thursday,13:00 - 13:10,2443
Thursday,13:00 - 13:10,2444
Thursday,13:00 - 13:10,2445
Thursday,13:00 - 13:10,2446
Thursday,13:00 - 13:10,2447
Thursday,13:00 - 13:10,2448
Thursday,13:00 - 13:10,2449
Thursday,13:00 - 13:10,2450
Thursday,13:00 - 13:10,2451
Thursday,13:00 - 13:10,2452
Thursday,13:00 - 13:10,2453
Thursday,13:00 - 13:10,2454
Thursday,14:10 - 14:20,2455
Thursday,14:10 - 14:20,2456
Thursday,14:10 - 14:20,2457
Thursday,14:10 - 14:20,2458
Thursday,14:10 - 14:20,2459
Thursday,14:10 - 14:20,2460
Thursday,14:10 - 14:20,2461
Thursday,14:10 - 14:20,2462
Thursday,14:10 - 14:20,2463
Thursday,14:10 - 14:20,2464
Thursday,14:10 - 14:20,2465
Thursday,14:10 - 14:20,2466
Thursday,14:10 - 14:20,2467
Thursday,14:10 - 14:20,2468
Thursday,14:10 - 14:20,2469
Thursday,14:20 - 14:30,2470
Thursday,14:20 - 14:30,2471
Thursday,14:20 - 14:30,2472
Thursday,14:20 - 14:30,2473
Thursday,14:20 - 14:30,2474
Thursday,14:20 - 14:30,2475
Thursday,14:20 - 14:30,2476
Thursday,14:20 - 14:30,2477
Thursday,14:20 - 14:30,2478
Thursday,14:20 - 14:30,2479
Thursday,14:20 - 14:30,2480
Thursday,14:30 - 14:40,2481
Thursday,14:30 - 14:40,2482
Thursday,14:30 - 14:40,2483
Thursday,14:30 - 14:40,2484
Thursday,14:30 - 14:40,2485
Thursday,14:30 - 14:40,2486
Thursday,14:30 - 14:40,2487
Thursday,14:40 - 14:50,2488
Thursday,14:40 - 14:50,2489
Thursday,14:40 - 14:50,2490
Thursday,14:50 - 15:00,2491
Thursday,14:50 - 15:00,2492
Thursday,14:50 - 15:00,2493
Thursday,14:50 - 15:00,2494
Thursday,14:50 - 15:00,2495
Thursday,14:50 - 15:00,2496
Thursday,14:50 - 15:00,2497
Thursday,14:50 - 15:00,2498
Thursday,14:50 - 15:00,2499
Thursday,15:00 - 15:10,2500
Thursday,15:00 - 15:10,2501
Thursday,15:00 - 15:10,2502
Thursday,15:00 - 15:10,2503
Thursday,15:00 - 15:10,2504
Thursday,15:00 - 15:10,2505
Thursday,15:00 - 15:10,2506
Thursday,15:00 - 15:10,2507
Thursday,15:10 - 15:20,2508
Thursday,15:10 - 15:20,2509
Thursday,15:10 - 15:20,2510
Thursday,15:10 - 15:20,2511
Thursday,15:10 - 15:20,2512
Thursday,15:10 - 15:20,2513
Thursday,15:10 - 15:20,2514
Thursday,15:10 - 15:20,2515
Thursday,15:10 - 15:20,2516
Thursday,15:10 - 15:20,2517
Thursday,15:10 - 15:20,2518
Thursday,15:10 - 15:20,2519
Thursday,15:10 - 15:20,2520
Thursday,15:10 - 15:20,2521
Thursday,15:10 - 15:20,2522
Thursday,15:10 - 15:20,2523
Thursday,15:10 - 15:20,2524
Thursday,15:10 - 15:20,2525
Thursday,15:10 - 15:20,2526
Thursday,15:20 - 15:30,2527
Thursday,15:20 - 15:30,2528
Thursday,15:20 - 15:30,2529
Thursday,15:20 - 15:30,2530
Thursday,15:20 - 15:30,2531
Thursday,15:20 - 15:30,2532
Thursday,15:20 - 15:30,2533
Thursday,15:20 - 15:30,2534
Thursday,15:20 - 15:30,2535
Thursday,15:20 - 15:30,2536
Thursday,15:20 - 15:30,2537
Thursday,15:20 - 15:30,2538
Thursday,15:20 - 15:30,2539
Thursday,15:20 - 15:30,2540
Thursday,15:20 - 15:30,2541
Thursday,15:20 - 15:30,2542
Thursday,15:20 - 15:30,2543
Thursday,15:20 - 15:30,2544
Thursday,15:20 - 15:30,2545
Thursday,15:20 - 15:30,2546
Thursday,15:20 - 15:30,2547
Thursday,15:20 - 15:30,2548
Thursday,15:30 - 15:40,2549
Thursday,15:30 - 15:40,2550
Thursday,15:30 - 15:40,2551
Thursday,15:30 - 15:40,2552
Thursday,15:30 - 15:40,2553
Thursday,15:30 - 15:40,2554
Thursday,15:30 - 15:40,2555
Thursday,15:30 - 15:40,2556
Thursday,15:30 - 15:40,2557
Thursday,15:30 - 15:40,2558
Thursday,15:30 - 15:40,2559
Thursday,15:30 - 15:40,2560
Thursday,15:30 - 15:40,2561
Thursday,15:30 - 15:40,2562
Thursday,15:30 - 15:40,2563
Thursday,15:30 - 15:40,2564
Thursday,15:30 - 15:40,2565
Thursday,15:30 - 15:40,2566
Thursday,15:30 - 15:40,2567
Thursday,15:30 - 15:40,2568
Thursday,15:30 - 15:40,2569
Thursday,15:30 - 15:40,2570
Thursday,16:40 - 16:50,2571
Thursday,16:40 - 16:50,2572
Thursday,16:40 - 16:50,2573
Thursday,16:40 - 16:50,2574
Thursday,16:40 - 16:50,2575
Thursday,16:40 - 16:50,2576
Thursday,16:40 - 16:50,2577
Thursday,16:40 - 16:50,2578
Thursday,16:40 - 16:50,2579
Thursday,16:40 - 16:50,2580
Thursday,16:40 - 16:50,2581
Thursday,16:40 - 16:50,2582
Thursday,16:40 - 16:50,2583
Thursday,16:40 - 16:50,2584
Thursday,16:40 - 16:50,2585
Thursday,16:40 - 16:50,2586
Thursday,16:50 - 17:00,2587
Thursday,16:50 - 17:00,2588
Thursday,16:50 - 17:00,2589
Thursday,16:50 - 17:00,2590
Thursday,16:50 - 17:00,2591
Thursday,16:50 - 17:00,2592
Thursday,16:50 - 17:00,2593
Thursday,16:50 - 17:00,2594
Thursday,16:50 - 17:00,2595
Thursday,16:50 - 17:00,2596
Thursday,16:50 - 17:00,2597
Thursday,16:50 - 17:00,2598
Thursday,16:50 - 17:00,2599
Thursday,16:50 - 17:00,2600
Thursday,16:50 - 17:00,2601
Thursday,17:00 - 17:10,2602
Thursday,17:00 - 17:10,2603
Thursday,17:00 - 17:10,2604
Thursday,17:00 - 17:10,2605
Thursday,17:00 - 17:10,2606
Thursday,17:00 - 17:10,2607
Thursday,17:00 - 17:10,2608
Thursday,17:00 - 17:10,2609
Thursday,17:00 - 17:10,2610
Thursday,17:00 - 17:10,2611
Thursday,17:00 - 17:10,2612
Thursday,17:00 - 17:10,2613
Thursday,17:00 - 17:10,2614
Thursday,17:00 - 17:10,2615
Thursday,17:00 - 17:10,2616
Thursday,17:00 - 17:10,2617
Thursday,17:00 - 17:10,2618
Thursday,17:00 - 17:10,2619
Thursday,17:00 - 17:10,2620
Thursday,17:10 - 17:20,2621
Thursday,17:10 - 17:20,2622
Thursday,17:10 - 17:20,2623
Thursday,17:10 - 17:20,2624
Thursday,17:10 - 17:20,2625
Thursday,17:10 - 17:20,2626
Thursday,17:10 - 17:20,2627
Thursday,17:10 - 17:20,2628
Thursday,17:10 - 17:20,2629
Thursday,17:10 - 17:20,2630
Thursday,17:10 - 17:20,2631
Thursday,17:10 - 17:20,2632
Thursday,17:10 - 17:20,2633
Thursday,17:10 - 17:20,2634
Thursday,17:10 - 17:20,2635
Thursday,17:10 - 17:20,2636
Thursday,17:10 - 17:20,2637
Thursday,17:10 - 17:20,2638
Thursday,17:20 - 17:30,2639
Thursday,17:20 - 17:30,2640
Thursday,17:20 - 17:30,2641
Thursday,17:20 - 17:30,2642
Thursday,17:20 - 17:30,2643
Thursday,17:20 - 17:30,2644
Thursday,17:20 - 17:30,2645
Thursday,17:20 - 17:30,2646
Thursday,17:20 - 17:30,2647
Thursday,17:20 - 17:30,2648
Thursday,17:20 - 17:30,2649
Thursday,17:20 - 17:30,2650
Thursday,17:20 - 17:30,2651
Thursday,17:20 - 17:30,2652
Thursday,17:20 - 17:30,2653
Thursday,17:20 - 17:30,2654
Thursday,17:20 - 17:30,2655
Thursday,17:20 - 17:30,2656
Thursday,17:20 - 17:30,2657
Thursday,17:20 - 17:30,2658
Thursday,17:20 - 17:30,2659
Thursday,17:30 - 17:40,2660
Thursday,17:30 - 17:40,2661
Thursday,17:30 - 17:40,2662
Thursday,17:30 - 17:40,2663
Thursday,17:30 - 17:40,2664
Thursday,17:30 - 17:40,2665
Thursday,17:30 - 17:40,2666
Thursday,17:30 - 17:40,2667
Thursday,17:30 - 17:40,2668
Thursday,17:30 - 17:40,2669
Thursday,17:30 - 17:40,2670
Thursday,17:30 - 17:40,2671
Thursday,17:30 - 17:40,2672
Thursday,17:30 - 17:40,2673
Thursday,17:30 - 17:40,2674
Thursday,17:30 - 17:40,2675
Thursday,17:30 - 17:40,2676
Thursday,17:30 - 17:40,2677
Thursday,17:30 - 17:40,2678
Thursday,17:40 - 17:50,2679
Thursday,17:40 - 17:50,2680
Thursday,17:40 - 17:50,2681
Thursday,17:40 - 17:50,2682
Thursday,17:40 - 17:50,2683
Thursday,17:40 - 17:50,2684
Thursday,17:40 - 17:50,2685
Thursday,17:40 - 17:50,2686
Thursday,17:40 - 17:50,2687
Thursday,17:40 - 17:50,2688
Thursday,17:40 - 17:50,2689
Thursday,17:40 - 17:50,2690
Thursday,17:40 - 17:50,2691
Thursday,17:40 - 17:50,2692
Thursday,17:40 - 17:50,2693
Thursday,17:40 - 17:50,2694
Thursday,17:40 - 17:50,2695
Thursday,17:40 - 17:50,2696
Thursday,17:40 - 17:50,2697
Thursday,17:40 - 17:50,2698
Thursday,17:40 - 17:50,2699
Thursday,17:40 - 17:50,2700
Thursday,17:40 - 17:50,2701
Thursday,17:40 - 17:50,2702
Thursday,17:40 - 17:50,2703
Thursday,17:40 - 17:50,2704
Thursday,17:40 - 17:50,2705
Thursday,17:50 - 18:00,2706
Thursday,17:50 - 18:00,2707
Thursday,17:50 - 18:00,2708
Thursday,17:50 - 18:00,2709
Thursday,17:50 - 18:00,2710
Thursday,17:50 - 18:00,2711
Thursday,17:50 - 18:00,2712
Thursday,17:50 - 18:00,2713
Thursday,17:50 - 18:00,2714
Thursday,17:50 - 18:00,2715
Thursday,17:50 - 18:00,2716
Thursday,17:50 - 18:00,2717
Thursday,17:50 - 18:00,2718
Thursday,17:50 - 18:00,2719
Thursday,17:50 - 18:00,2720
Thursday,17:50 - 18:00,2721
Thursday,17:50 - 18:00,2722
Thursday,18:00 - 18:10,2723
Thursday,18:00 - 18:10,2724
Thursday,18:00 - 18:10,2725
Thursday,18:00 - 18:10,2726
Thursday,18:00 - 18:10,2727
Thursday,18:00 - 18:10,2728
Thursday,18:00 - 18:10,2729
Thursday,18:00 - 18:10,2730
Thursday,18:00 - 18:10,2731
Thursday,18:00 - 18:10,2732
Thursday,18:10 - 18:20,2733
Thursday,18:10 - 18:20,2734
Thursday,18:10 - 18:20,2735
Thursday,18:10 - 18:20,2736
Thursday,18:10 - 18:20,2737
Thursday,18:10 - 18:20,2738
Thursday,18:10 - 18:20,2739
Thursday,18:10 - 18:20,2740
Thursday,18:10 - 18:20,2741
Thursday,18:20 - 18:30,2742
Thursday,18:20 - 18:30,2743
Thursday,18:20 - 18:30,2744
Thursday,18:20 - 18:30,2745
Thursday,18:20 - 18:30,2746
Thursday,18:30 - 18:40,2747
Thursday,18:30 - 18:40,2748
Thursday,18:40 - 18:50,2749
Thursday,18:40 - 18:50,2750
Thursday,18:50 - 19:00,2751
Saturday,10:30 - 10:40,2752
Saturday,10:40 - 10:50,2753
Saturday,10:50 - 11:00,2754
Saturday,10:50 - 11:00,2755
Saturday,10:50 - 11:00,2756
Saturday,10:50 - 11:00,2757
Saturday,10:50 - 11:00,2758
Saturday,10:50 - 11:00,2759
Saturday,11:00 - 11:10,2760
Saturday,11:00 - 11:10,2761
Saturday,11:00 - 11:10,2762
Saturday,11:00 - 11:10,2763
Saturday,11:00 - 11:10,2764
Saturday,11:00 - 11:10,2765
Saturday,11:00 - 11:10,2766
Saturday,11:00 - 11:10,2767
Saturday,11:00 - 11:10,2768
Saturday,11:00 - 11:10,2769
Saturday,11:00 - 11:10,2770
Saturday,11:00 - 11:10,2771
Saturday,11:00 - 11:10,2772
Saturday,11:00 - 11:10,2773
Saturday,11:00 - 11:10,2774
Saturday,11:00 - 11:10,2775
Saturday,11:10 - 11:20,2776
Saturday,11:10 - 11:20,2777
Saturday,11:10 - 11:20,2778
Saturday,11:10 - 11:20,2779
Saturday,11:10 - 11:20,2780
Saturday,11:10 - 11:20,2781
Saturday,11:10 - 11:20,2782
Saturday,11:10 - 11:20,2783
Saturday,11:10 - 11:20,2784
Saturday,11:10 - 11:20,2785
Saturday,11:10 - 11:20,2786
Saturday,11:10 - 11:20,2787
Saturday,11:10 - 11:20,2788
Saturday,11:10 - 11:20,2789
Saturday,11:10 - 11:20,2790
Saturday,11:10 - 11:20,2791
Saturday,11:10 - 11:20,2792
Saturday,11:20 - 11:30,2793
Saturday,11:20 - 11:30,2794
Saturday,11:20 - 11:30,2795
Saturday,11:20 - 11:30,2796
Saturday,11:20 - 11:30,2797
Saturday,11:20 - 11:30,2798
Saturday,11:20 - 11:30,2799
Saturday,11:20 - 11:30,2800
Saturday,11:20 - 11:30,2801
Saturday,11:20 - 11:30,2802
Saturday,11:20 - 11:30,2803
Saturday,11:20 - 11:30,2804
Saturday,11:20 - 11:30,2805
Saturday,11:20 - 11:30,2806
Saturday,11:20 - 11:30,2807
Saturday,11:20 - 11:30,2808
Saturday,11:20 - 11:30,2809
Saturday,11:20 - 11:30,2810
Saturday,11:20 - 11:30,2811
Saturday,11:20 - 11:30,2812
Saturday,11:20 - 11:30,2813
Saturday,11:20 - 11:30,2814
Saturday,11:20 - 11:30,2815
Saturday,11:20 - 11:30,2816
Saturday,11:20 - 11:30,2817
Saturday,11:30 - 11:40,2818
Saturday,11:30 - 11:40,2819
Saturday,11:30 - 11:40,2820
Saturday,11:30 - 11:40,2821
Saturday,11:30 - 11:40,2822
Saturday,11:30 - 11:40,2823
Saturday,11:30 - 11:40,2824
Saturday,11:30 - 11:40,2825
Saturday,11:30 - 11:40,2826
Saturday,11:30 - 11:40,2827
Saturday,11:30 - 11:40,2828
Saturday,11:30 - 11:40,2829
Saturday,11:30 - 11:40,2830
Saturday,11:30 - 11:40,2831
Saturday,11:30 - 11:40,2832
Saturday,11:40 - 11:50,2833
Saturday,11:40 - 11:50,2834
Saturday,11:40 - 11:50,2835
Saturday,11:40 - 11:50,2836
Saturday,11:40 - 11:50,2837
Saturday,11:40 - 11:50,2838
Saturday,11:40 - 11:50,2839
Saturday,11:40 - 11:50,2840
Saturday,11:40 - 11:50,2841
Saturday,11:40 - 11:50,2842
Saturday,11:40 - 11:50,2843
Saturday,11:40 - 11:50,2844
Saturday,11:40 - 11:50,2845
Saturday,11:40 - 11:50,2846
Saturday,11:40 - 11:50,2847
Saturday,11:50 - 12:00,2848
Saturday,11:50 - 12:00,2849
Saturday,11:50 - 12:00,2850
Saturday,11:50 - 12:00,2851
Saturday,11:50 - 12:00,2852
Saturday,11:50 - 12:00,2853
Saturday,11:50 - 12:00,2854
Saturday,11:50 - 12:00,2855
Saturday,11:50 - 12:00,2856
Saturday,11:50 - 12:00,2857
Saturday,11:50 - 12:00,2858
Saturday,12:10 - 12:20,2859
Saturday,12:10 - 12:20,2860
Saturday,12:10 - 12:20,2861
Saturday,12:20 - 12:30,2862
Saturday,12:20 - 12:30,2863
Saturday,12:20 - 12:30,2864
Saturday,12:20 - 12:30,2865
Saturday,12:20 - 12:30,2866
Saturday,12:20 - 12:30,2867
Saturday,12:20 - 12:30,2868
Saturday,12:30 - 12:40,2869
Saturday,12:30 - 12:40,2870
Saturday,12:30 - 12:40,2871
Saturday,12:30 - 12:40,2872
Saturday,12:30 - 12:40,2873
Saturday,12:30 - 12:40,2874
Saturday,12:30 - 12:40,2875
Saturday,12:30 - 12:40,2876
Saturday,12:40 - 12:50,2877
Saturday,12:40 - 12:50,2878
Saturday,12:40 - 12:50,2879
Saturday,12:40 - 12:50,2880
Saturday,12:40 - 12:50,2881
Saturday,12:40 - 12:50,2882
Saturday,12:40 - 12:50,2883
Saturday,12:40 - 12:50,2884
Saturday,12:40 - 12:50,2885
Saturday,12:40 - 12:50,2886
Saturday,12:40 - 12:50,2887
Saturday,12:40 - 12:50,2888
Saturday,12:40 - 12:50,2889
Saturday,12:40 - 12:50,2890
Saturday,12:50 - 13:00,2891
Saturday,12:50 - 13:00,2892
Saturday,12:50 - 13:00,2893
Saturday,12:50 - 13:00,2894
Saturday,12:50 - 13:00,2895
Saturday,12:50 - 13:00,2896
Saturday,12:50 - 13:00,2897
Saturday,12:50 - 13:00,2898
Saturday,12:50 - 13:00,2899
Saturday,12:50 - 13:00,2900
Saturday,12:50 - 13:00,2901
Saturday,12:50 - 13:00,2902
Saturday,12:50 - 13:00,2903
Saturday,12:50 - 13:00,2904
Saturday,12:50 - 13:00,2905
Saturday,12:50 - 13:00,2906
Saturday,13:00 - 13:10,2907
Saturday,13:00 - 13:10,2908
Saturday,13:00 - 13:10,2909
Saturday,13:00 - 13:10,2910
Saturday,13:00 - 13:10,2911
Saturday,13:00 - 13:10,2912
Saturday,13:00 - 13:10,2913
Saturday,13:00 - 13:10,2914
Saturday,13:00 - 13:10,2915
Saturday,13:00 - 13:10,2916
Saturday,13:00 - 13:10,2917
Saturday,13:00 - 13:10,2918
Saturday,13:00 - 13:10,2919
Saturday,13:00 - 13:10,2920
Saturday,13:00 - 13:10,2921
Saturday,13:00 - 13:10,2922
Saturday,13:00 - 13:10,2923
Saturday,13:00 - 13:10,2924
Saturday,13:00 - 13:10,2925
Saturday,13:00 - 13:10,2926
Saturday,13:00 - 13:10,2927
Saturday,13:00 - 13:10,2928
Saturday,13:00 - 13:10,2929
Saturday,13:10 - 13:20,2930
Saturday,13:10 - 13:20,2931
Saturday,13:10 - 13:20,2932
Saturday,13:10 - 13:20,2933
Saturday,13:10 - 13:20,2934
Saturday,13:10 - 13:20,2935
Saturday,13:10 - 13:20,2936
Saturday,13:10 - 13:20,2937
Saturday,13:10 - 13:20,2938
Saturday,13:10 - 13:20,2939
Saturday,13:10 - 13:20,2940
Saturday,13:10 - 13:20,2941
Saturday,13:10 - 13:20,2942
Saturday,13:10 - 13:20,2943
Saturday,13:10 - 13:20,2944
Saturday,13:10 - 13:20,2945
Saturday,13:10 - 13:20,2946
Saturday,13:10 - 13:20,2947
Saturday,13:10 - 13:20,2948
Saturday,13:10 - 13:20,2949
Saturday,13:10 - 13:20,2950
Saturday,13:10 - 13:20,2951
Saturday,13:10 - 13:20,2952
Saturday,13:10 - 13:20,2953
Saturday,13:10 - 13:20,2954
Saturday,13:10 - 13:20,2955
Saturday,14:40 - 14:50,2956
Saturday,14:40 - 14:50,2957
Saturday,14:40 - 14:50,2958
Saturday,14:40 - 14:50,2959
Saturday,14:50 - 15:00,2960
Saturday,14:50 - 15:00,2961
Saturday,14:50 - 15:00,2962
Saturday,14:50 - 15:00,2963
Saturday,14:50 - 15:00,2964
Saturday,14:50 - 15:00,2965
Saturday,14:50 - 15:00,2966
Saturday,14:50 - 15:00,2967
Saturday,15:00 - 15:10,2968
Saturday,15:00 - 15:10,2969
Saturday,15:00 - 15:10,2970
Saturday,15:00 - 15:10,2971
Saturday,15:00 - 15:10,2972
Saturday,15:00 - 15:10,2973
Saturday,15:00 - 15:10,2974
Saturday,15:00 - 15:10,2975
Saturday,15:10 - 15:20,2976
Saturday,15:10 - 15:20,2977
Saturday,15:10 - 15:20,2978
Saturday,15:10 - 15:20,2979
Saturday,15:10 - 15:20,2980
Saturday,15:10 - 15:20,2981
Saturday,15:10 - 15:20,2982
Saturday,15:20 - 15:30,2983
Saturday,15:20 - 15:30,2984
Saturday,15:20 - 15:30,2985
Saturday,15:20 - 15:30,2986
Saturday,15:20 - 15:30,2987
Saturday,15:20 - 15:30,2988
Saturday,15:20 - 15:30,2989
Saturday,15:20 - 15:30,2990
Saturday,15:20 - 15:30,2991
Saturday,15:20 - 15:30,2992
Saturday,15:20 - 15:30,2993
Saturday,15:20 - 15:30,2994
Saturday,15:20 - 15:30,2995
Saturday,15:20 - 15:30,2996
Saturday,15:30 - 15:40,2997
Saturday,15:30 - 15:40,2998
Saturday,15:30 - 15:40,2999
Saturday,15:30 - 15:40,3000
Saturday,15:30 - 15:40,3001
Saturday,15:30 - 15:40,3002
Saturday,15:30 - 15:40,3003
Saturday,15:30 - 15:40,3004
Saturday,15:30 - 15:40,3005
Saturday,15:30 - 15:40,3006
Saturday,15:30 - 15:40,3007
Saturday,15:30 - 15:40,3008
Saturday,15:40 - 15:50,3009
Saturday,15:40 - 15:50,3010
Saturday,15:40 - 15:50,3011
Saturday,15:40 - 15:50,3012
Saturday,15:40 - 15:50,3013
Saturday,15:40 - 15:50,3014
Saturday,15:40 - 15:50,3015
Saturday,15:40 - 15:50,3016
Saturday,15:40 - 15:50,3017
Saturday,15:50 - 16:00,3018
Saturday,15:50 - 16:00,3019
Saturday,15:50 - 16:00,3020
Saturday,15:50 - 16:00,3021
Saturday,15:50 - 16:00,3022
Saturday,15:50 - 16:00,3023
Saturday,15:50 - 16:00,3024
Saturday,15:50 - 16:00,3025
Saturday,15:50 - 16:00,3026
Saturday,15:50 - 16:00,3027
Saturday,15:50 - 16:00,3028
Saturday,15:50 - 16:00,3029
Saturday,15:50 - 16:00,3030
Saturday,16:00 - 16:10,3031
Saturday,16:00 - 16:10,3032
Saturday,16:00 - 16:10,3033
Saturday,16:00 - 16:10,3034
Saturday,16:00 - 16:10,3035
Saturday,16:00 - 16:10,3036
Saturday,16:00 - 16:10,3037
Saturday,16:00 - 16:10,3038
Saturday,16:00 - 16:10,3039
Saturday,16:00 - 16:10,3040
Saturday,16:10 - 16:20,3041
Saturday,16:10 - 16:20,3042
Saturday,16:10 - 16:20,3043
Saturday,16:10 - 16:20,3044
Saturday,16:10 - 16:20,3045
Saturday,16:10 - 16:20,3046
Saturday,16:10 - 16:20,3047
Saturday,16:10 - 16:20,3048
Saturday,16:10 - 16:20,3049
Saturday,16:10 - 16:20,3050
Saturday,16:10 - 16:20,3051
Saturday,16:10 - 16:20,3052
Saturday,16:10 - 16:20,3053
Saturday,16:10 - 16:20,3054
Saturday,17:20 - 17:30,3055
Saturday,17:20 - 17:30,3056
Saturday,17:20 - 17:30,3057
Saturday,17:20 - 17:30,3058
Saturday,17:20 - 17:30,3059
Saturday,17:20 - 17:30,3060
Saturday,17:20 - 17:30,3061
Saturday,17:20 - 17:30,3062
Saturday,17:20 - 17:30,3063
Saturday,17:20 - 17:30,3064
Saturday,17:20 - 17:30,3065
Saturday,17:20 - 17:30,3066
Saturday,17:30 - 17:40,3067
Saturday,17:30 - 17:40,3068
Saturday,17:30 - 17:40,3069
Saturday,17:30 - 17:40,3070
Saturday,17:30 - 17:40,3071
Saturday,17:30 - 17:40,3072
Saturday,17:30 - 17:40,3073
Saturday,17:30 - 17:40,3074
Saturday,17:30 - 17:40,3075
Saturday,17:30 - 17:40,3076
Saturday,17:30 - 17:40,3077
Saturday,17:30 - 17:40,3078
Saturday,17:30 - 17:40,3079
Saturday,17:30 - 17:40,3080
Saturday,17:40 - 17:50,3081
Saturday,17:40 - 17:50,3082
Saturday,17:40 - 17:50,3083
Saturday,17:40 - 17:50,3084
Saturday,17:40 - 17:50,3085
Saturday,17:40 - 17:50,3086
Saturday,17:40 - 17:50,3087
Saturday,17:50 - 18:00,3088
Saturday,17:50 - 18:00,3089
Saturday,17:50 - 18:00,3090
Saturday,17:50 - 18:00,3091
Saturday,17:50 - 18:00,3092
Saturday,17:50 - 18:00,3093
Saturday,17:50 - 18:00,3094
Saturday,17:50 - 18:00,3095
Saturday,17:50 - 18:00,3096
Saturday,17:50 - 18:00,3097
Saturday,17:50 - 18:00,3098
Saturday,17:50 - 18:00,3099
Saturday,17:50 - 18:00,3100
Saturday,18:00 - 18:10,3101
Saturday,18:00 - 18:10,3102
Saturday,18:00 - 18:10,3103
Saturday,18:00 - 18:10,3104
Saturday,18:00 - 18:10,3105
Saturday,18:00 - 18:10,3106
Saturday,18:00 - 18:10,3107
Saturday,18:00 - 18:10,3108
Saturday,18:00 - 18:10,3109
Saturday,18:10 - 18:20,3110
Saturday,18:10 - 18:20,3111
Saturday,18:10 - 18:20,3112
Saturday,18:10 - 18:20,3113
Saturday,18:10 - 18:20,3114
Saturday,18:20 - 18:30,3115
Saturday,18:20 - 18:30,3116
Saturday,18:20 - 18:30,3117
Saturday,18:20 - 18:30,3118
Saturday,18:20 - 18:30,3119
Saturday,18:30 - 18:40,3120
Saturday,18:30 - 18:40,3121
Saturday,18:30 - 18:40,3122
Saturday,18:30 - 18:40,3123
Saturday,18:30 - 18:40,3124
Saturday,18:30 - 18:40,3125
Saturday,18:40 - 18:50,3126
Saturday,18:40 - 18:50,3127
Saturday,18:50 - 19:00,3128
