customer_group_id,group_size,entry_time,queue_wait_time,service_start_time,service_time
0,2,10:03:51,00:00:00,00:00:00,00:00:00
1,3,10:24:50,00:00:00,00:00:00,00:00:00
2,4,10:37:46,00:00:00,00:00:00,00:00:00
3,3,10:45:32,00:00:00,00:00:00,00:00:00
5,3,10:54:16,00:00:00,00:00:00,00:00:00
6,4,10:56:08,00:00:00,00:00:00,00:00:00
4,3,10:58:35,00:00:00,00:00:00,00:00:00
10,4,11:00:07,00:00:00,00:00:00,00:00:00
9,2,11:01:04,00:00:00,00:00:00,00:00:00
8,1,11:02:05,00:00:00,00:00:00,00:00:00
11,3,11:06:38,00:00:00,00:00:00,00:00:00
12,4,11:08:18,00:00:00,00:00:00,00:00:00
7,3,11:08:50,00:00:00,00:00:00,00:00:00
13,4,11:09:25,00:00:00,00:00:00,00:00:00
19,5,11:12:36,00:00:00,00:00:00,00:00:00
14,4,11:13:31,00:00:00,00:00:00,00:00:00
21,3,11:14:55,00:00:00,00:00:00,00:00:00
18,3,11:16:25,00:00:00,00:00:00,00:00:00
16,4,11:16:40,00:00:00,00:00:00,00:00:00
17,2,11:16:57,00:00:00,00:00:00,00:00:00
20,3,11:18:09,00:00:00,00:00:00,00:00:00
15,3,11:19:25,00:00:00,00:00:00,00:00:00
26,1,11:20:55,00:00:00,00:00:00,00:00:00
30,2,11:23:30,00:00:00,00:00:00,00:00:00
24,3,11:24:16,00:00:00,00:00:00,00:00:00
29,3,11:24:22,00:00:00,00:00:00,00:00:00
27,3,11:24:38,00:00:00,00:00:00,00:00:00
33,5,11:25:20,00:00:00,00:00:00,00:00:00
22,1,11:25:30,00:00:00,00:00:00,00:00:00
32,4,11:26:03,00:00:00,00:00:00,00:00:00
23,5,11:27:14,00:00:00,00:00:00,00:00:00
28,2,11:27:18,00:00:00,00:00:00,00:00:00
31,2,11:28:46,00:00:00,00:00:00,00:00:00
25,2,11:29:06,00:00:00,00:00:00,00:00:00
42,4,11:34:46,00:00:00,00:00:00,00:00:00
39,3,11:35:00,00:00:00,00:00:00,00:00:00
34,4,11:36:12,00:00:00,00:00:00,00:00:00
36,3,11:37:03,00:00:00,00:00:00,00:00:00
41,3,11:37:04,00:00:00,00:00:00,00:00:00
43,3,11:37:15,00:00:00,00:00:00,00:00:00
44,3,11:37:34,00:00:00,00:00:00,00:00:00
38,4,11:37:50,00:00:00,00:00:00,00:00:00
37,3,11:38:28,00:00:00,00:00:00,00:00:00
35,3,11:38:36,00:00:00,00:00:00,00:00:00
40,4,11:38:45,00:00:00,00:00:00,00:00:00
50,1,11:40:16,00:00:00,00:00:00,00:00:00
57,1,11:41:24,00:00:00,00:00:00,00:00:00
54,5,11:41:33,00:00:00,00:00:00,00:00:00
52,4,11:42:07,00:00:00,00:00:00,00:00:00
51,1,11:42:50,00:00:00,00:00:00,00:00:00
55,2,11:43:33,00:00:00,00:00:00,00:00:00
46,4,11:43:59,00:00:00,00:00:00,00:00:00
53,1,11:44:33,00:00:00,00:00:00,00:00:00
48,4,11:45:36,00:00:00,00:00:00,00:00:00
56,2,11:45:41,00:00:00,00:00:00,00:00:00
49,2,11:47:31,00:00:00,00:00:00,00:00:00
45,3,11:48:27,00:00:00,00:00:00,00:00:00
47,1,11:49:25,00:00:00,00:00:00,00:00:00
64,4,11:51:31,00:00:00,00:00:00,00:00:00
65,2,11:52:17,00:00:00,00:00:00,00:00:00
58,4,11:52:42,00:00:00,00:00:00,00:00:00
59,2,11:53:51,00:00:00,00:00:00,00:00:00
62,3,11:54:32,00:00:00,00:00:00,00:00:00
63,2,11:58:13,00:00:00,00:00:00,00:00:00
61,4,11:58:46,00:00:00,00:00:00,00:00:00
60,3,11:59:08,00:00:00,00:00:00,00:00:00
68,4,12:01:31,00:00:00,00:00:00,00:00:00
67,1,12:03:39,00:00:00,00:00:00,00:00:00
66,4,12:06:04,00:00:00,00:00:00,00:00:00
70,3,12:07:05,00:00:00,00:00:00,00:00:00
69,3,12:08:26,00:00:00,00:00:00,00:00:00
74,5,12:10:00,00:00:00,00:00:00,00:00:00
73,2,12:10:17,00:00:00,00:00:00,00:00:00
71,3,12:16:04,00:00:00,00:00:00,00:00:00
72,1,12:18:03,00:00:00,00:00:00,00:00:00
75,3,12:22:21,00:00:00,00:00:00,00:00:00
77,4,12:24:00,00:00:00,00:00:00,00:00:00
76,4,12:26:09,00:00:00,00:00:00,00:00:00
78,3,12:26:21,00:00:00,00:00:00,00:00:00
80,5,12:30:33,00:00:00,00:00:00,00:00:00
81,3,12:31:44,00:00:00,00:00:00,00:00:00
83,4,12:31:49,00:00:00,00:00:00,00:00:00
79,3,12:32:27,00:00:00,00:00:00,00:00:00
82,3,12:33:08,00:00:00,00:00:00,00:00:00
86,1,12:40:34,00:00:00,00:00:00,00:00:00
91,4,12:41:28,00:00:00,00:00:00,00:00:00
87,4,12:45:43,00:00:00,00:00:00,00:00:00
85,3,12:46:52,00:00:00,00:00:00,00:00:00
89,4,12:47:11,00:00:00,00:00:00,00:00:00
88,3,12:47:52,00:00:00,00:00:00,00:00:00
90,1,12:48:02,00:00:00,00:00:00,00:00:00
84,3,12:48:38,00:00:00,00:00:00,00:00:00
100,3,12:51:02,00:00:00,00:00:00,00:00:00
96,4,12:51:02,00:00:00,00:00:00,00:00:00
92,3,12:51:58,00:00:00,00:00:00,00:00:00
97,4,12:52:16,00:00:00,00:00:00,00:00:00
102,1,12:52:36,00:00:00,00:00:00,00:00:00
94,1,12:54:09,00:00:00,00:00:00,00:00:00
103,3,12:54:40,00:00:00,00:00:00,00:00:00
98,1,12:57:04,00:00:00,00:00:00,00:00:00
99,3,12:57:06,00:00:00,00:00:00,00:00:00
101,3,12:58:46,00:00:00,00:00:00,00:00:00
95,1,12:59:01,00:00:00,00:00:00,00:00:00
93,3,12:59:53,00:00:00,00:00:00,00:00:00
107,2,13:00:01,00:00:00,00:00:00,00:00:00
112,5,13:00:56,00:00:00,00:00:00,00:00:00
108,4,13:02:10,00:00:00,00:00:00,00:00:00
106,4,13:02:24,00:00:00,00:00:00,00:00:00
113,1,13:04:03,00:00:00,00:00:00,00:00:00
114,3,13:04:07,00:00:00,00:00:00,00:00:00
110,4,13:05:31,00:00:00,00:00:00,00:00:00
111,4,13:05:37,00:00:00,00:00:00,00:00:00
104,3,13:05:44,00:00:00,00:00:00,00:00:00
109,3,13:07:51,00:00:00,00:00:00,00:00:00
105,5,13:08:48,00:00:00,00:00:00,00:00:00
126,3,13:10:35,00:00:00,00:00:00,00:00:00
121,2,13:10:56,00:00:00,00:00:00,00:00:00
123,3,13:11:17,00:00:00,00:00:00,00:00:00
117,3,13:12:52,00:00:00,00:00:00,00:00:00
120,1,13:13:24,00:00:00,00:00:00,00:00:00
116,3,13:13:49,00:00:00,00:00:00,00:00:00
125,4,13:14:10,00:00:00,00:00:00,00:00:00
119,5,13:14:45,00:00:00,00:00:00,00:00:00
124,4,13:15:05,00:00:00,00:00:00,00:00:00
122,4,13:18:10,00:00:00,00:00:00,00:00:00
118,2,13:19:35,00:00:00,00:00:00,00:00:00
115,3,13:19:59,00:00:00,00:00:00,00:00:00
139,4,13:21:20,00:00:00,00:00:00,00:00:00
137,2,13:21:22,00:00:00,00:00:00,00:00:00
131,5,13:21:25,00:00:00,00:00:00,00:00:00
132,5,13:21:45,00:00:00,00:00:00,00:00:00
130,2,13:23:32,00:00:00,00:00:00,00:00:00
138,4,13:24:02,00:00:00,00:00:00,00:00:00
128,3,13:25:08,00:00:00,00:00:00,00:00:00
134,3,13:25:20,00:00:00,00:00:00,00:00:00
127,4,13:25:22,00:00:00,00:00:00,00:00:00
140,4,13:25:31,00:00:00,00:00:00,00:00:00
136,2,13:27:01,00:00:00,00:00:00,00:00:00
142,3,13:28:41,00:00:00,00:00:00,00:00:00
141,3,13:29:12,00:00:00,00:00:00,00:00:00
129,3,13:29:16,00:00:00,00:00:00,00:00:00
133,2,13:29:19,00:00:00,00:00:00,00:00:00
135,3,13:29:58,00:00:00,00:00:00,00:00:00
143,3,13:31:26,00:00:00,00:00:00,00:00:00
155,3,13:33:01,00:00:00,00:00:00,00:00:00
151,3,13:33:10,00:00:00,00:00:00,00:00:00
150,5,13:33:12,00:00:00,00:00:00,00:00:00
145,5,13:33:38,00:00:00,00:00:00,00:00:00
147,1,13:33:58,00:00:00,00:00:00,00:00:00
144,3,13:36:35,00:00:00,00:00:00,00:00:00
148,3,13:37:51,00:00:00,00:00:00,00:00:00
153,4,13:37:58,00:00:00,00:00:00,00:00:00
149,3,13:38:29,00:00:00,00:00:00,00:00:00
152,4,13:38:48,00:00:00,00:00:00,00:00:00
154,5,13:39:04,00:00:00,00:00:00,00:00:00
156,3,13:39:26,00:00:00,00:00:00,00:00:00
146,1,13:39:42,00:00:00,00:00:00,00:00:00
161,2,13:40:08,00:00:00,00:00:00,00:00:00
168,4,13:41:37,00:00:00,00:00:00,00:00:00
171,2,13:41:59,00:00:00,00:00:00,00:00:00
163,1,13:42:34,00:00:00,00:00:00,00:00:00
160,1,13:43:32,00:00:00,00:00:00,00:00:00
157,3,13:44:45,00:00:00,00:00:00,00:00:00
169,3,13:44:51,00:00:00,00:00:00,00:00:00
172,4,13:45:58,00:00:00,00:00:00,00:00:00
166,3,13:46:46,00:00:00,00:00:00,00:00:00
164,3,13:46:55,00:00:00,00:00:00,00:00:00
159,2,13:46:59,00:00:00,00:00:00,00:00:00
165,3,13:47:28,00:00:00,00:00:00,00:00:00
167,4,13:48:40,00:00:00,00:00:00,00:00:00
162,1,13:48:50,00:00:00,00:00:00,00:00:00
158,2,13:49:38,00:00:00,00:00:00,00:00:00
170,3,13:49:53,00:00:00,00:00:00,00:00:00
175,3,14:13:31,00:00:00,00:00:00,00:00:00
173,1,14:13:37,00:00:00,00:00:00,00:00:00
177,4,14:17:06,00:00:00,00:00:00,00:00:00
176,1,14:19:38,00:00:00,00:00:00,00:00:00
174,4,14:19:42,00:00:00,00:00:00,00:00:00
178,3,14:20:24,00:00:00,00:00:00,00:00:00
179,3,14:24:35,00:00:00,00:00:00,00:00:00
181,3,14:26:42,00:00:00,00:00:00,00:00:00
180,2,14:29:54,00:00:00,00:00:00,00:00:00
182,5,14:33:54,00:00:00,00:00:00,00:00:00
183,4,14:39:33,00:00:00,00:00:00,00:00:00
185,5,14:46:58,00:00:00,00:00:00,00:00:00
184,1,14:49:33,00:00:00,00:00:00,00:00:00
187,3,14:54:24,00:00:00,00:00:00,00:00:00
188,3,14:56:41,00:00:00,00:00:00,00:00:00
189,3,14:57:10,00:00:00,00:00:00,00:00:00
186,2,14:59:01,00:00:00,00:00:00,00:00:00
192,4,15:00:56,00:00:00,00:00:00,00:00:00
191,3,15:06:10,00:00:00,00:00:00,00:00:00
190,4,15:08:06,00:00:00,00:00:00,00:00:00
193,4,15:10:20,00:00:00,00:00:00,00:00:00
194,3,15:10:28,00:00:00,00:00:00,00:00:00
195,2,15:11:10,00:00:00,00:00:00,00:00:00
197,2,15:16:48,00:00:00,00:00:00,00:00:00
196,2,15:18:12,00:00:00,00:00:00,00:00:00
198,4,15:19:12,00:00:00,00:00:00,00:00:00
199,4,15:20:51,00:00:00,00:00:00,00:00:00
200,3,15:21:36,00:00:00,00:00:00,00:00:00
205,4,15:21:40,00:00:00,00:00:00,00:00:00
204,2,15:23:22,00:00:00,00:00:00,00:00:00
201,2,15:26:10,00:00:00,00:00:00,00:00:00
203,2,15:26:41,00:00:00,00:00:00,00:00:00
202,5,15:28:37,00:00:00,00:00:00,00:00:00
207,3,15:31:08,00:00:00,00:00:00,00:00:00
208,3,15:32:34,00:00:00,00:00:00,00:00:00
210,4,15:34:09,00:00:00,00:00:00,00:00:00
209,5,15:35:49,00:00:00,00:00:00,00:00:00
211,4,15:38:23,00:00:00,00:00:00,00:00:00
206,3,15:39:47,00:00:00,00:00:00,00:00:00
215,3,15:43:27,00:00:00,00:00:00,00:00:00
214,3,15:46:14,00:00:00,00:00:00,00:00:00
213,4,15:46:48,00:00:00,00:00:00,00:00:00
212,2,15:47:00,00:00:00,00:00:00,00:00:00
216,4,15:49:24,00:00:00,00:00:00,00:00:00
217,4,15:49:57,00:00:00,00:00:00,00:00:00
219,2,15:50:28,00:00:00,00:00:00,00:00:00
224,3,15:51:47,00:00:00,00:00:00,00:00:00
220,1,15:54:09,00:00:00,00:00:00,00:00:00
221,4,15:55:29,00:00:00,00:00:00,00:00:00
218,5,15:55:46,00:00:00,00:00:00,00:00:00
223,4,15:55:53,00:00:00,00:00:00,00:00:00
222,4,15:59:33,00:00:00,00:00:00,00:00:00
225,3,16:00:02,00:00:00,00:00:00,00:00:00
230,2,16:04:08,00:00:00,00:00:00,00:00:00
229,3,16:04:34,00:00:00,00:00:00,00:00:00
226,4,16:06:34,00:00:00,00:00:00,00:00:00
227,3,16:06:51,00:00:00,00:00:00,00:00:00
228,3,16:08:59,00:00:00,00:00:00,00:00:00
231,5,16:09:48,00:00:00,00:00:00,00:00:00
233,2,16:12:23,00:00:00,00:00:00,00:00:00
235,5,16:13:19,00:00:00,00:00:00,00:00:00
236,5,16:13:27,00:00:00,00:00:00,00:00:00
232,4,16:13:53,00:00:00,00:00:00,00:00:00
234,2,16:15:03,00:00:00,00:00:00,00:00:00
241,1,16:40:00,00:00:00,00:00:00,00:00:00
242,2,16:42:26,00:00:00,00:00:00,00:00:00
239,3,16:43:37,00:00:00,00:00:00,00:00:00
238,2,16:43:38,00:00:00,00:00:00,00:00:00
240,4,16:48:41,00:00:00,00:00:00,00:00:00
237,4,16:49:35,00:00:00,00:00:00,00:00:00
244,4,16:53:58,00:00:00,00:00:00,00:00:00
243,1,16:54:10,00:00:00,00:00:00,00:00:00
246,3,16:54:45,00:00:00,00:00:00,00:00:00
245,4,16:55:41,00:00:00,00:00:00,00:00:00
247,4,16:59:34,00:00:00,00:00:00,00:00:00
248,3,17:00:44,00:00:00,00:00:00,00:00:00
250,5,17:01:04,00:00:00,00:00:00,00:00:00
252,4,17:05:25,00:00:00,00:00:00,00:00:00
249,2,17:06:37,00:00:00,00:00:00,00:00:00
253,4,17:06:47,00:00:00,00:00:00,00:00:00
251,3,17:08:09,00:00:00,00:00:00,00:00:00
258,4,17:10:39,00:00:00,00:00:00,00:00:00
256,2,17:12:48,00:00:00,00:00:00,00:00:00
255,2,17:14:29,00:00:00,00:00:00,00:00:00
259,4,17:14:53,00:00:00,00:00:00,00:00:00
257,4,17:15:14,00:00:00,00:00:00,00:00:00
254,5,17:19:13,00:00:00,00:00:00,00:00:00
265,4,17:20:06,00:00:00,00:00:00,00:00:00
261,1,17:20:14,00:00:00,00:00:00,00:00:00
266,4,17:20:19,00:00:00,00:00:00,00:00:00
262,3,17:21:00,00:00:00,00:00:00,00:00:00
263,4,17:23:38,00:00:00,00:00:00,00:00:00
267,2,17:26:24,00:00:00,00:00:00,00:00:00
260,2,17:27:05,00:00:00,00:00:00,00:00:00
264,2,17:27:16,00:00:00,00:00:00,00:00:00
270,4,17:30:43,00:00:00,00:00:00,00:00:00
274,3,17:31:17,00:00:00,00:00:00,00:00:00
268,4,17:31:18,00:00:00,00:00:00,00:00:00
271,3,17:32:42,00:00:00,00:00:00,00:00:00
269,1,17:32:51,00:00:00,00:00:00,00:00:00
273,4,17:33:01,00:00:00,00:00:00,00:00:00
272,1,17:38:12,00:00:00,00:00:00,00:00:00
275,5,17:39:09,00:00:00,00:00:00,00:00:00
278,3,17:43:08,00:00:00,00:00:00,00:00:00
279,4,17:43:40,00:00:00,00:00:00,00:00:00
277,4,17:44:49,00:00:00,00:00:00,00:00:00
281,3,17:45:25,00:00:00,00:00:00,00:00:00
276,3,17:46:32,00:00:00,00:00:00,00:00:00
280,2,17:49:12,00:00:00,00:00:00,00:00:00
284,2,17:53:47,00:00:00,00:00:00,00:00:00
289,1,17:55:30,00:00:00,00:00:00,00:00:00
288,4,17:55:44,00:00:00,00:00:00,00:00:00
286,2,17:56:53,00:00:00,00:00:00,00:00:00
283,1,17:57:26,00:00:00,00:00:00,00:00:00
285,1,17:58:20,00:00:00,00:00:00,00:00:00
282,1,17:58:20,00:00:00,00:00:00,00:00:00
287,3,17:59:04,00:00:00,00:00:00,00:00:00
291,5,18:00:13,00:00:00,00:00:00,00:00:00
290,5,18:02:49,00:00:00,00:00:00,00:00:00
292,1,18:13:10,00:00:00,00:00:00,00:00:00
295,2,18:13:20,00:00:00,00:00:00,00:00:00
293,3,18:17:18,00:00:00,00:00:00,00:00:00
294,4,18:19:55,00:00:00,00:00:00,00:00:00
296,3,18:21:49,00:00:00,00:00:00,00:00:00
297,3,18:26:44,00:00:00,00:00:00,00:00:00
299,5,18:35:58,00:00:00,00:00:00,00:00:00
298,3,18:39:26,00:00:00,00:00:00,00:00:00
300,3,18:43:06,00:00:00,00:00:00,00:00:00
301,1,18:52:32,00:00:00,00:00:00,00:00:00
