Day,Time_Block,Total_Entries
Monday,10:00,0.0
Monday,10:10,0.0
Monday,10:20,1.0
Monday,10:30,2.0
Monday,10:40,2.0
Monday,10:50,7.0
Monday,11:00,12.0
Monday,11:10,17.0
Monday,11:20,30.0
Monday,11:30,42.0
Monday,11:40,32.0
Monday,11:50,31.0
Monday,12:00,7.0
Monday,12:10,15.0
Monday,12:20,13.0
Monday,12:30,15.0
Monday,12:40,23.0
Monday,12:50,20.0
Monday,13:00,34.0
Monday,13:10,
Monday,13:20,
Monday,13:30,
Monday,13:40,
Monday,13:50,
Monday,14:00,
Monday,14:10,11.0
Monday,14:20,5.0
Monday,14:30,6.0
Monday,14:40,5.0
Monday,14:50,9.0
Monday,15:00,7.0
Monday,15:10,11.0
Monday,15:20,14.0
Monday,15:30,13.0
Monday,15:40,22.0
Monday,15:50,24.0
Monday,16:00,
Monday,16:10,
Monday,16:20,
Monday,16:30,
Monday,16:40,
Monday,16:50,
Monday,17:00,20.0
Monday,17:10,23.0
Monday,17:20,29.0
Monday,17:30,21.0
Monday,17:40,19.0
Monday,17:50,14.0
Monday,18:00,5.0
Monday,18:10,7.0
Monday,18:20,5.0
Monday,18:30,7.0
Monday,18:40,1.0
Monday,18:50,1.0
Tuesday,10:00,1.0
Tuesday,10:10,0.0
Tuesday,10:20,0.0
Tuesday,10:30,2.0
Tuesday,10:40,4.0
Tuesday,10:50,12.0
Tuesday,11:00,19.0
Tuesday,11:10,27.0
Tuesday,11:20,28.0
Tuesday,11:30,26.0
Tuesday,11:40,25.0
Tuesday,11:50,22.0
Tuesday,12:00,13.0
Tuesday,12:10,6.0
Tuesday,12:20,11.0
Tuesday,12:30,16.0
Tuesday,12:40,16.0
Tuesday,12:50,27.0
Tuesday,13:00,32.0
Tuesday,13:10,31.0
Tuesday,13:20,
Tuesday,13:30,
Tuesday,13:40,
Tuesday,13:50,
Tuesday,14:00,
Tuesday,14:10,
Tuesday,14:20,14.0
Tuesday,14:30,11.0
Tuesday,14:40,9.0
Tuesday,14:50,18.0
Tuesday,15:00,12.0
Tuesday,15:10,18.0
Tuesday,15:20,21.0
Tuesday,15:30,24.0
Tuesday,15:40,
Tuesday,15:50,
Tuesday,16:00,
Tuesday,16:10,
Tuesday,16:20,
Tuesday,16:30,
Tuesday,16:40,
Tuesday,16:50,
Tuesday,17:00,20.0
Tuesday,17:10,14.0
Tuesday,17:20,20.0
Tuesday,17:30,27.0
Tuesday,17:40,22.0
Tuesday,17:50,15.0
Tuesday,18:00,13.0
Tuesday,18:10,13.0
Tuesday,18:20,5.0
Tuesday,18:30,4.0
Tuesday,18:40,2.0
Tuesday,18:50,0.0
Wednesday,10:00,1.0
Wednesday,10:10,0.0
Wednesday,10:20,1.0
Wednesday,10:30,2.0
Wednesday,10:40,2.0
Wednesday,10:50,7.0
Wednesday,11:00,20.0
Wednesday,11:10,32.0
Wednesday,11:20,37.0
Wednesday,11:30,41.0
Wednesday,11:40,41.0
Wednesday,11:50,23.0
Wednesday,12:00,17.0
Wednesday,12:10,10.0
Wednesday,12:20,12.0
Wednesday,12:30,21.0
Wednesday,12:40,29.0
Wednesday,12:50,39.0
Wednesday,13:00,50.0
Wednesday,13:10,49.0
Wednesday,13:20,52.0
Wednesday,13:30,44.0
Wednesday,13:40,41.0
Wednesday,13:50,
Wednesday,14:00,
Wednesday,14:10,
Wednesday,14:20,
Wednesday,14:30,
Wednesday,14:40,
Wednesday,14:50,8.0
Wednesday,15:00,19.0
Wednesday,15:10,22.0
Wednesday,15:20,26.0
Wednesday,15:30,30.0
Wednesday,15:40,29.0
Wednesday,15:50,25.0
Wednesday,16:00,28.0
Wednesday,16:10,22.0
Wednesday,16:20,
Wednesday,16:30,
Wednesday,16:40,
Wednesday,16:50,
Wednesday,17:00,
Wednesday,17:10,
Wednesday,17:20,
Wednesday,17:30,21.0
Wednesday,17:40,19.0
Wednesday,17:50,13.0
Wednesday,18:00,9.0
Wednesday,18:10,8.0
Wednesday,18:20,2.0
Wednesday,18:30,0.0
Wednesday,18:40,0.0
Wednesday,18:50,0.0
Thursday,10:00,0.0
Thursday,10:10,0.0
Thursday,10:20,1.0
Thursday,10:30,1.0
Thursday,10:40,5.0
Thursday,10:50,8.0
Thursday,11:00,26.0
Thursday,11:10,40.0
Thursday,11:20,41.0
Thursday,11:30,48.0
Thursday,11:40,38.0
Thursday,11:50,29.0
Thursday,12:00,13.0
Thursday,12:10,16.0
Thursday,12:20,22.0
Thursday,12:30,18.0
Thursday,12:40,30.0
Thursday,12:50,34.0
Thursday,13:00,50.0
Thursday,13:10,
Thursday,13:20,
Thursday,13:30,
Thursday,13:40,
Thursday,13:50,
Thursday,14:00,
Thursday,14:10,15.0
Thursday,14:20,11.0
Thursday,14:30,7.0
Thursday,14:40,3.0
Thursday,14:50,9.0
Thursday,15:00,8.0
Thursday,15:10,19.0
Thursday,15:20,22.0
Thursday,15:30,22.0
Thursday,15:40,
Thursday,15:50,
Thursday,16:00,
Thursday,16:10,
Thursday,16:20,
Thursday,16:30,
Thursday,16:40,16.0
Thursday,16:50,15.0
Thursday,17:00,19.0
Thursday,17:10,18.0
Thursday,17:20,21.0
Thursday,17:30,19.0
Thursday,17:40,27.0
Thursday,17:50,17.0
Thursday,18:00,10.0
Thursday,18:10,9.0
Thursday,18:20,5.0
Thursday,18:30,2.0
Thursday,18:40,2.0
Thursday,18:50,1.0
Saturday,10:00,0.0
Saturday,10:10,0.0
Saturday,10:20,0.0
Saturday,10:30,1.0
Saturday,10:40,1.0
Saturday,10:50,6.0
Saturday,11:00,16.0
Saturday,11:10,17.0
Saturday,11:20,25.0
Saturday,11:30,15.0
Saturday,11:40,15.0
Saturday,11:50,11.0
Saturday,12:00,0.0
Saturday,12:10,3.0
Saturday,12:20,7.0
Saturday,12:30,8.0
Saturday,12:40,14.0
Saturday,12:50,16.0
Saturday,13:00,23.0
Saturday,13:10,26.0
Saturday,13:20,
Saturday,13:30,
Saturday,13:40,
Saturday,13:50,
Saturday,14:00,
Saturday,14:10,
Saturday,14:20,
Saturday,14:30,
Saturday,14:40,4.0
Saturday,14:50,8.0
Saturday,15:00,8.0
Saturday,15:10,7.0
Saturday,15:20,14.0
Saturday,15:30,12.0
Saturday,15:40,9.0
Saturday,15:50,13.0
Saturday,16:00,10.0
Saturday,16:10,14.0
Saturday,16:20,
Saturday,16:30,
Saturday,16:40,
Saturday,16:50,
Saturday,17:00,
Saturday,17:10,
Saturday,17:20,12.0
Saturday,17:30,14.0
Saturday,17:40,7.0
Saturday,17:50,13.0
Saturday,18:00,9.0
Saturday,18:10,5.0
Saturday,18:20,5.0
Saturday,18:30,6.0
Saturday,18:40,2.0
Saturday,18:50,1.0
